state_id,state,year,complaints_total,complaints_per100k,log_complaints_per100k,cso_broad_lag,log_cso_broad_lag,cso_strict_lag,cso_broad_t,log_cso_broad_t,red_tdt_n,red_tdt_dummy,log_red_tdt,political_alignment,governor_party,governor,staff_total,log_staff,staff_visitadurias,log_staff_visitadurias,share_visitadurias,visitadurias_n,budget_real2020,log_budget_real,budget_nominal,population,gdp_percapita_2018,log_gdp_percapita,homicides,homicide_rate,log_homicide_rate,marginalization_index,marginalization_grade,offices_total,gdp_deflator,log_complaints_total,complaints_accepted,complaints_accepted_per100k,log_complaints_accepted_per100k,n_eventos_lag,n_personas_lag,log_eventos_lag,log_personas_lag,personas_per100k_lag,log_personas_per100k_lag,pob_gral_lag,pob_gral_per100k_lag,log_pob_gral_lag,log_pob_gral_per100k_lag,log_personal,log_tasa_homicidios,log_presupuesto,log_osc_amplia_lag,congruencia,log_quejas
01,Aguascalientes,2019,430.0,29.93724318370746,3.399103296719557,6,1.791759469228055,1,6,1.791759469228055,0,0,,0,PAN,Martín Orozco Sandoval,36.0,3.58351893845611,14.0,2.6390573296152584,0.3888888888888889,,20705578.507054493,16.845913715023276,19797028.0,1436338,198421.262961782,12.19814764027678,91,6.335556115621811,1.846177594548799,0.815030688510175,Muy bajo,1.0,95.612049638,6.063785208687608,258.0,17.962345910224474,2.888277672953566,736.0,,6.601230118728877,,,,,,,,3.58351893845611,1.846177594548799,16.845913715023276,1.791759469228055,0,3.399103296719557
01,Aguascalientes,2020,409.0,28.089694722021907,3.335402773204548,6,1.791759469228055,1,5,1.6094379124341005,0,0,,0,PAN,Martín Orozco Sandoval,35.0,3.555348061489413,14.0,2.6390573296152584,0.4,1.0,19671000.0,16.794656027913867,19671000.0,1456050,177191.7173173998,12.084987574059546,72,4.9448851344390645,1.5983537361778015,0.816929192948377,Muy bajo,,100.0,6.013715156042802,1275.0,87.56567425569177,4.472389074754273,1048.0,55476.0,6.954638864880987,10.923705773776224,3810.0339960852993,8.245393390937972,53783.0,3693.7605164657807,10.892712711085943,8.21440032824769,3.555348061489413,1.5983537361778015,16.794656027913867,1.791759469228055,0,3.335402773204548
01,Aguascalientes,2021,385.0,26.143435790703123,3.263598137611764,5,1.6094379124341005,0,5,1.6094379124341005,0,0,,0,PAN,Martín Orozco Sandoval,36.0,3.58351893845611,13.0,2.5649493574615367,0.3611111111111111,1.0,17894673.0413272,16.70001363106409,18701273.0,1472645,196245.5310003429,12.187121863412594,75,5.092877102085024,1.62784291686029,0.816929192948377,Muy bajo,,104.507486428,5.953243334287785,1217.0,82.64041910983299,4.414498896311507,434.0,53089.0,6.073044534100405,10.879725029461348,3605.010032967891,8.190079832785328,51651.0,3507.3626026639145,10.852264835444583,8.162619638768561,3.58351893845611,1.62784291686029,16.70001363106409,1.6094379124341005,0,3.263598137611764
01,Aguascalientes,2022,505.0,33.867023980535514,3.5224417970269783,5,1.6094379124341005,0,10,2.302585092994046,0,0,,0,PAN,Martín Orozco Sandoval,42.0,3.737669618283368,15.0,2.70805020110221,0.3571428571428571,1.0,18098811.359494656,16.711356823333485,20172938.0,1491126,211249.7535419542,12.260796378553437,70,4.694438967598982,1.5463786098009773,0.816929192948377,Muy bajo,,111.460015795,6.22455842927536,451.0,30.24559963410201,3.409350707254297,84.0,279577.0,4.430816798843313,12.541033025586264,18749.388046348868,9.83891639333788,236434.0,15856.071183789969,12.37342437819947,9.671307745951088,3.737669618283368,1.5463786098009773,16.711356823333485,1.6094379124341005,0,3.5224417970269783
01,Aguascalientes,2023,706.0,46.729002891770726,3.8443650188380056,10,2.302585092994046,0,10,2.302585092994046,0,0,,0,PAN,María Teresa Jiménez Esquivel,43.0,3.7612001156935615,17.0,2.833213344056216,0.3953488372093023,1.0,18177919.120988622,16.71571818037098,21205200.0,1510839,221069.220479482,12.306231146297646,85,5.626013096034719,1.72740103783508,0.816929192948377,Muy bajo,,116.653616175,6.559615237493242,1095.0,72.47628635480021,4.283259423595365,306.0,63368.0,5.723585101952381,11.056714281144115,4194.225857288566,8.34146406248888,45696.0,3024.5446404282657,10.729766045699256,8.01451582704402,3.7612001156935615,1.72740103783508,16.71571818037098,2.302585092994046,0,3.8443650188380056
01,Aguascalientes,2024,669.0,43.72020376621128,3.777810324006792,10,2.302585092994046,0,10,2.302585092994046,0,0,,0,PAN,María Teresa Jiménez Esquivel,42.0,3.737669618283368,16.0,2.772588722239781,0.3809523809523809,1.0,20072114.13360136,16.81484205322194,24563164.0,1530185,,,112,7.31937641527005,1.9905251351736584,0.816929192948377,Muy bajo,1.0,122.374573184,6.505784060128229,497.0,32.479732842760846,3.4806162899751927,392.0,64827.0,5.971261839790462,11.079477462225585,4236.546561363495,8.351503726104147,57995.0,3790.0646000320226,10.968112078915977,8.240138342794541,3.737669618283368,1.9905251351736584,16.81484205322194,2.302585092994046,0,3.777810324006792
02,Baja California,2019,2557.0,67.86597730192265,4.2175348383229165,39,3.6635616461296463,2,39,3.6635616461296463,1,1,0.0,0,PAN,Francisco Vega de Lamadrid,145.0,4.976733742420574,64.0,4.158883083359672,0.4413793103448276,,70995627.91196734,18.07812885440486,67880375.0,3767720,228785.5785461765,12.340540505671605,2606,69.16649857208073,4.23651662071652,0.7959762175903404,Bajo,9.0,95.612049638,7.846589975291186,2557.0,67.86597730192265,4.2175348383229165,1745.0,,7.464509834636527,,,,,,,,4.976733742420574,4.23651662071652,18.07812885440486,3.6635616461296463,0,4.2175348383229165
02,Baja California,2020,1834.0,47.777599183456346,3.866556893323721,39,3.6635616461296463,2,38,3.6375861597263857,1,1,0.0,1,MORENA,Jaime Bonilla Valdez,127.0,4.844187086458591,55.0,4.007333185232471,0.4330708661417323,5.0,67880375.0,18.03325752276996,67880375.0,3838619,208408.2843335064,12.247254340151422,2629,68.48817243909853,4.226661065237192,0.786562581103815,Bajo,,100.0,7.51425465281641,1542.0,40.17069680528336,3.693137794630586,1823.0,58047.0,7.508238774678663,10.96900830620404,1512.1844600883808,7.321310546711349,25008.0,651.484296826541,10.126951052661259,6.4792532931685685,4.844187086458591,4.226661065237192,18.03325752276996,3.6635616461296463,1,3.866556893323721
02,Baja California,2021,596.0,15.321632165144573,2.7292656968324702,38,3.6375861597263857,1,36,3.58351893845611,1,1,0.0,1,MORENA,Jaime Bonilla Valdez,116.0,4.7535901911063645,56.0,4.02535169073515,0.4827586206896552,5.0,39948515.10352125,17.50310206061272,41749189.0,3889925,225711.2926341768,12.32701199537842,2670,68.63885550492618,4.228858781161415,0.786562581103815,Bajo,,104.507486428,6.39024066706535,1545.0,39.71798942138987,3.681804219098966,899.0,37075.0,6.80128303447162,10.520698167006133,953.1032089307636,6.8597231967732535,20714.0,532.50384004833,9.938565079148825,6.277590108915945,4.7535901911063645,4.228858781161415,17.50310206061272,3.6375861597263857,1,2.7292656968324702
02,Baja California,2022,889.0,22.51658413540749,3.1142521103904848,36,3.58351893845611,1,38,3.6375861597263857,1,1,0.0,1,MORENA,Marina del Pilar Ávila Olmeda,122.0,4.804021044733257,64.0,4.158883083359672,0.5245901639344263,6.0,38354129.6805717,17.462372763958438,42749519.0,3948201,232764.2387001067,12.35778136920845,2399,60.76185077710076,4.106962137716275,0.786562581103815,Bajo,,111.460015795,6.790097235513905,889.0,22.51658413540749,3.1142521103904848,1484.0,56995.0,7.302496423727326,10.95071882367088,1443.56885579027,7.274873698547459,47324.0,1198.621853345359,10.764772845373553,7.088927720250133,4.804021044733257,4.106962137716275,17.462372763958438,3.58351893845611,1,3.1142521103904848
02,Baja California,2023,1139.0,28.400378006787168,3.346402455176721,38,3.6375861597263857,2,42,3.737669618283368,1,1,0.0,1,MORENA,Marina del Pilar Ávila Olmeda,112.0,4.718498871295094,25.0,3.218875824868201,0.2232142857142857,6.0,37128364.65783055,17.429891781494394,43311580.0,4010510,237126.9489416558,12.376350926251112,2116,52.761369501634455,3.965779284707729,0.786562581103815,Bajo,,116.653616175,7.037905963447182,1212.0,30.220595385624275,3.4085236583587992,1939.0,58981.0,7.569927655242652,10.9849706371255,1470.6608386464566,7.29346712885504,35764.0,891.7569087223321,10.48469707985521,6.793193571584748,4.718498871295094,3.965779284707729,17.429891781494394,3.6375861597263857,1,3.346402455176721
02,Baja California,2024,1000.0,24.558728761611366,3.20106734141861,42,3.737669618283368,2,34,3.5263605246161616,1,1,0.0,1,MORENA,Marina del Pilar Ávila Olmeda,108.0,4.68213122712422,23.0,3.1354942159291497,0.2129629629629629,6.0,38664949.56338397,17.470444051572954,47316067.0,4071872,,,2089,51.30318438300614,3.9377528239930384,0.786562581103815,Bajo,8.0,122.374573184,6.907755278982137,1000.0,24.558728761611366,3.20106734141861,2723.0,82520.0,7.909489492673759,11.320795967185187,2026.58629740817,7.614108029621661,69708.0,1711.939864514405,11.152070367780533,7.4453824302170055,4.68213122712422,3.9377528239930384,17.470444051572954,3.737669618283368,1,3.20106734141861
03,Baja California Sur,2019,292.0,36.602578726882086,3.6001186949439776,8,2.079441541679836,0,8,2.079441541679836,1,1,0.0,0,PAN,Carlos Mendoza Davis,34.0,3.5263605246161616,17.0,2.833213344056216,0.5,,11906745.063098654,16.292615609529594,11384283.0,797758,206829.64006628576,12.23965073855246,81,10.153455057799482,2.3178140473481346,0.7883901067351282,Bajo,6.0,95.612049638,5.676753802268282,282.0,35.34906575678339,3.5652719636138097,77.0,,4.343805421853684,,,,,,,,3.5263605246161616,2.3178140473481346,16.292615609529594,2.079441541679836,0,3.6001186949439776
03,Baja California Sur,2020,176.0,21.592495626292788,3.072345829615506,8,2.079441541679836,0,9,2.19722457733622,1,1,0.0,0,PAN,Carlos Mendoza Davis,31.0,3.4339872044851463,14.0,2.6390573296152584,0.4516129032258064,8.0,40662522.0,17.520817390802637,40662522.0,815098,172985.3342788229,12.060962096931704,62,7.606447322898597,2.028996219622446,0.789987300365602,Bajo,,100.0,5.170483995038151,520.0,63.79600980495597,4.155690646152827,92.0,4200.0,4.5217885770490405,8.34283980427146,515.2754638092598,6.244701638848814,3112.0,381.7945817558134,8.043020885298283,5.944882719875636,3.4339872044851463,2.028996219622446,17.520817390802637,2.079441541679836,0,3.072345829615506
03,Baja California Sur,2021,168.0,20.196385808672904,3.005503668036274,9,2.19722457733622,0,10,2.302585092994046,1,1,0.0,1,MORENA,Victor Manuel Castro Cosío,29.0,3.367295829986474,13.0,2.5649493574615367,0.4482758620689655,8.0,10893270.318814104,16.20365575458465,11384283.0,831832,189942.1998672809,12.154475093636163,48,5.770395945335116,1.752740699540906,0.789987300365602,Bajo,,104.507486428,5.123963979403259,224.0,26.92851441156387,3.2931857404880547,54.0,3338.0,3.9889840465642745,8.11312710422178,401.28295136517954,5.994666792854796,2470.0,296.9349580203695,7.8119734296220225,5.693513118255038,3.367295829986474,1.752740699540906,16.20365575458465,2.19722457733622,1,3.005503668036274
03,Baja California Sur,2022,154.0,18.134202519005584,2.897799797078432,10,2.302585092994046,0,14,2.6390573296152584,1,1,0.0,1,MORENA,Victor Manuel Castro Cosío,30.0,3.4011973816621555,13.0,2.5649493574615367,0.4333333333333333,8.0,12071005.8257533,16.306316922307065,13454345.0,849224,209603.12002486977,12.252971116933072,39,4.592427910657259,1.5244088407944496,0.789987300365602,Bajo,,111.460015795,5.0369526024136295,97.0,11.422192495737283,2.435558173168186,7.0,104.0,1.9459101490553128,4.6443908991413725,12.246474428419358,2.505238093806176,69.0,8.125064765008997,4.23410650459726,2.0949536992620628,3.4011973816621555,1.5244088407944496,16.306316922307065,2.302585092994046,1,2.897799797078432
03,Baja California Sur,2023,0.0,0.0,,14,2.6390573296152584,0,18,2.8903717578961645,1,1,0.0,1,MORENA,Victor Manuel Castro Cosío,,,,,,,,,,867766,208581.5761391896,12.248085496167842,24,2.7657225565417405,1.0173019232737797,0.789987300365602,Bajo,,116.653616175,,,,,77.0,2484.0,4.343805421853684,7.81762544305337,286.2522846020702,5.656873535979203,1081.0,124.57275348423424,6.985641817639208,4.824889910565043,,1.0173019232737797,,2.6390573296152584,1,
03,Baja California Sur,2024,113.0,12.753230630325604,2.5457846222790783,18,2.8903717578961645,0,21,3.044522437723423,1,1,0.0,1,MORENA,Victor Manuel Castro Cosío,28.0,3.332204510175204,10.0,2.302585092994046,0.3571428571428571,6.0,10773711.120672405,16.192619569228327,13184283.0,886050,,,56,6.320185091134812,1.8437484943018867,0.789987300365602,Bajo,5.0,122.374573184,4.727387818712341,113.0,12.753230630325604,2.5457846222790783,,,,,,,,,,,3.332204510175204,1.8437484943018867,16.192619569228327,2.8903717578961645,1,2.5457846222790783
04,Campeche,2019,278.0,29.694826904794965,3.390972852348122,1,0.0,0,1,0.0,0,0,,0,PRI,Alejandro Moreno Cárdenas,64.0,4.158883083359672,24.0,3.1780538303479458,0.375,,37839650.06186932,17.448868054268754,36179265.0,936190,496694.0471485489,13.115729516221023,73,7.797562460611628,2.0538111798058765,0.6475937248915734,Alto,3.0,95.612049638,5.627621113690637,278.0,29.694826904794965,3.390972852348122,336.0,,5.817111159963204,,,,,,,,4.158883083359672,2.0538111798058765,17.448868054268754,0.0,0,3.390972852348122
04,Campeche,2020,238.0,25.3412821198089,3.2324347702905656,1,0.0,0,1,0.0,0,0,,0,PRI,Alejandro Moreno Cárdenas,66.0,4.189654742026425,23.0,3.1354942159291497,0.3484848484848485,3.0,30698744.0,17.239732299668386,30698744.0,939179,459976.2132671195,13.038930056839384,77,8.198650097585231,2.1039695184727747,0.65503238428014,Alto,,100.0,5.472270673671475,901.0,95.93485373927656,4.563669354227429,1031.0,46565.0,6.93828448401696,10.748604464955758,4958.053789533199,8.508768561574849,43015.0,4580.064077241931,10.66930417105545,8.429468267674538,4.189654742026425,2.1039695184727747,17.239732299668386,0.0,0,3.2324347702905656
04,Campeche,2021,368.0,39.07892668878307,3.665583362334353,1,0.0,0,1,0.0,0,0,,1,MORENA,Layda Sansores San Román,68.0,4.219507705176107,27.0,3.295836866004329,0.3970588235294117,3.0,27406156.22760426,17.126278225961133,28641485.0,941684,475743.455341707,13.072634028556587,85,9.02638252322435,2.2001516806557384,0.65503238428014,Alto,,104.507486428,5.908082938168931,768.0,81.55602091572119,4.401290157313094,193.0,6892.0,5.262690188904886,8.83811659764782,731.8803335301438,6.595617021813242,4538.0,481.902634004613,8.420241665339788,6.177742089505209,4.219507705176107,2.2001516806557384,17.126278225961133,0.0,1,3.665583362334353
04,Campeche,2022,395.0,41.7792679637631,3.732400234762933,1,0.0,0,2,0.6931471805599453,0,0,,1,MORENA,Layda Sansores San Román,70.0,4.248495242049359,18.0,2.8903717578961645,0.2571428571428571,3.0,26829138.49124132,17.10499911198099,29903762.0,945445,500293.5125787328,13.122950230329929,87,9.202015981892124,2.219422588516394,0.65503238428014,Alto,,111.460015795,5.978885764901122,395.0,41.7792679637631,3.732400234762933,157.0,7138.0,5.056245805348308,8.873187904050106,754.9883917097239,6.626702373911916,2240.0,236.92546895906162,7.7142311448490855,5.467745614710896,4.248495242049359,2.219422588516394,17.10499911198099,0.0,1,3.732400234762933
04,Campeche,2023,308.0,32.41112459236171,3.4785017154827087,2,0.6931471805599453,0,2,0.6931471805599453,0,0,,1,MORENA,Layda Sansores San Román,72.0,4.276666119016055,28.0,3.332204510175204,0.3888888888888889,4.0,26471866.8932425,17.09159310036161,30880390.0,950291,534573.0939259658,13.1892237520638,94,9.89170685611039,2.291696714779138,0.65503238428014,Alto,,116.653616175,5.730099782973574,1216.0,127.96080358542804,4.851723995035247,140.0,13369.0,4.941642422609304,9.500693872983122,1406.8322229717005,7.249095805492256,10663.0,1122.0773426245223,9.27453508401818,7.0229370165273135,4.276666119016055,2.291696714779138,17.09159310036161,0.6931471805599453,1,3.4785017154827087
04,Campeche,2024,337.0,35.300562818765655,3.56389890768653,2,0.6931471805599453,0,2,0.6931471805599453,0,0,,1,MORENA,Layda Sansores San Román,77.0,4.343805421853684,27.0,3.295836866004329,0.3506493506493506,4.0,28781308.962804217,17.175236740071107,35221004.0,954659,,,95,9.951197233776668,2.297692868934709,0.65503238428014,Alto,2.0,122.374573184,5.820082930352362,337.0,35.300562818765655,3.56389890768653,363.0,18823.0,5.8944028342648505,9.84283480532418,1971.6987950671391,7.586650782658346,13559.0,1420.2977188713458,9.51480581246231,7.258621789796478,4.343805421853684,2.297692868934709,17.175236740071107,0.6931471805599453,1,3.56389890768653
05,Coahuila,2019,2256.0,71.33675787716227,4.267411732825183,3,1.0986122886681098,0,3,1.0986122886681098,4,1,1.3862943611198906,0,PRI,Miguel Riquelme Solís,76.0,4.330733340286331,47.0,3.8501476017100575,0.618421052631579,,49244165.54007981,17.712301452373424,47083356.0,3162465,276999.113033662,12.531769583119807,221,6.988219632470241,1.944225821724986,0.8297044493663697,Muy bajo,8.0,95.612049638,7.721348612617949,2020.0,63.87422469497687,4.156915910602484,141.0,,4.948759890378168,,,,,,,,4.330733340286331,1.944225821724986,17.712301452373424,1.0986122886681098,0,4.267411732825183
05,Coahuila,2020,2046.0,63.99505555308806,4.158805823392198,3,1.0986122886681098,0,6,1.791759469228055,4,1,1.3862943611198906,0,PRI,Miguel Riquelme Solís,77.0,4.343805421853684,45.0,3.80666248977032,0.5844155844155844,8.0,47679627.0,17.680014757704193,47679627.0,3197122,257419.0162277198,12.45846044953388,194,6.067957369158887,1.8030220359439544,0.829436152249672,Muy bajo,,100.0,7.6236419465115715,5542.0,173.34340072102347,5.155274602303551,3674.0,249045.0,8.20903626577507,12.425388882009996,7789.6620773308,8.960552758890623,241168.0,7543.284241264488,12.39324906505031,8.928412941930937,4.343805421853684,1.8030220359439544,17.680014757704193,1.0986122886681098,0,4.158805823392198
05,Coahuila,2021,2065.0,63.87552778508128,4.156936311269869,6,1.791759469228055,0,6,1.791759469228055,4,1,1.3862943611198906,0,PRI,Miguel Riquelme Solís,68.0,4.219507705176107,44.0,3.784189633918261,0.6470588235294118,8.0,35145284.83593815,17.375001023152787,36729453.78,3232850,276226.85865412874,12.528977758727418,137,4.237746879688201,1.444031731702861,0.829436152249672,Muy bajo,,104.507486428,7.632885505395133,2973.0,91.96220053513152,4.521377628872834,2007.0,110451.0,7.604396348796338,11.612327262677807,3416.5210263389886,8.136378068552544,103649.0,3206.1184403854186,11.548765469964032,8.072816275838768,4.219507705176107,1.444031731702861,17.375001023152787,1.791759469228055,0,4.156936311269869
05,Coahuila,2022,1834.0,56.02295658251412,4.025761545706591,6,1.791759469228055,0,16,2.772588722239781,4,1,1.3862943611198906,0,PRI,Miguel Riquelme Solís,58.0,4.060443010546419,33.0,3.49650756146648,0.5689655172413793,8.0,29321816.228798784,17.193842378111917,32682101.0,3273658,285918.68790203496,12.563462741343956,129,3.940546019162661,1.3713192972518529,0.829436152249672,Muy bajo,,111.460015795,7.51425465281641,1653.0,50.49397340834015,3.921853990711205,1220.0,47013.0,7.106606137727303,10.758179438191323,1436.099922472048,7.269686331081506,33763.0,1031.3539166278213,10.427120807321092,6.938627700211272,4.060443010546419,1.3713192972518529,17.193842378111917,1.791759469228055,0,4.025761545706591
05,Coahuila,2023,1609.0,48.51151945073744,3.881801284189541,16,2.772588722239781,0,24,3.1780538303479458,4,1,1.3862943611198906,0,PRI,Miguel Riquelme Solís,58.0,4.060443010546419,33.0,3.49650756146648,0.5689655172413793,8.0,27171738.03892154,17.117687948400455,31696815.0,3316738,280395.9794231561,12.543958095320642,116,3.497412216460872,1.2520233283035225,0.829436152249672,Muy bajo,,116.653616175,7.383368146992383,3433.0,103.50531154405324,4.63962293065485,595.0,29285.0,6.38856140554563,10.284830718523883,882.9458341297986,6.7832638557210405,19883.0,599.474543964582,9.89762037425808,6.396053511455239,4.060443010546419,1.2520233283035225,17.117687948400455,2.772588722239781,0,3.881801284189541
05,Coahuila,2024,1549.0,46.115038712518135,3.831139116165117,24,3.1780538303479458,0,30,3.4011973816621555,4,1,1.3862943611198906,0,PRI,Manolo Jiménez Salinas,58.0,4.060443010546419,33.0,3.49650756146648,0.5689655172413793,8.0,26267124.095843416,17.083828680824734,32144281.0,3358991,,,105,3.125938711952488,1.1397346259057712,0.829436152249672,Muy bajo,7.0,122.374573184,7.345364840416867,1437.0,42.78070408643548,3.756087161827273,382.0,18493.0,5.945420608606575,9.825147561084876,550.5522342870225,6.310921836833124,10814.0,321.9419164862305,9.28859686994195,5.774371145690198,4.060443010546419,1.1397346259057712,17.083828680824734,3.1780538303479458,0,3.831139116165117
06,Colima,2019,603.0,81.36224414070406,4.39891133421025,2,0.6931471805599453,0,2,0.6931471805599453,1,1,0.0,0,PRI,José Ignacio Peralta Sánchez,25.0,3.218875824868201,11.0,2.3978952727983707,0.44,,16734292.445960669,16.632970611838953,16000000.0,741130,179455.69603173534,12.097683637681,661,89.18813163682485,4.490747977334751,0.7911348359824386,Bajo,1.0,95.612049638,6.401917196727186,114.0,15.381916802720172,2.73319258587756,266.0,,5.583496308781699,,,,,,,,3.218875824868201,4.490747977334751,16.632970611838953,0.6931471805599453,0,4.39891133421025
06,Colima,2020,425.0,57.03763947380428,4.043711391550628,2,0.6931471805599453,0,3,1.0986122886681098,1,1,0.0,0,PRI,José Ignacio Peralta Sánchez,25.0,3.218875824868201,11.0,2.3978952727983707,0.44,3.0,16000000.0,16.588099280204055,16000000.0,745122,154337.14210558808,11.946894722965643,544,73.0081785264695,4.290571469482154,0.792155673157287,Bajo,,100.0,6.052089168924417,1300.0,174.46807368457783,5.161741766075839,1234.0,30506.0,7.1180162044653335,10.32567866455988,4094.094658324409,8.31730088718609,24397.0,3274.2289182174195,10.10221545290255,8.09383767552876,3.218875824868201,4.290571469482154,16.588099280204055,0.6931471805599453,0,4.043711391550628
06,Colima,2021,761.0,101.69514175180235,4.621979531528049,3,1.0986122886681098,0,3,1.0986122886681098,1,1,0.0,0,PRI,José Ignacio Peralta Sánchez,27.0,3.295836866004329,8.0,2.079441541679836,0.2962962962962963,2.0,12439300.23037756,16.336371392115762,13000000.0,748315,175059.96806157834,12.072883868843698,474,63.34230905434209,4.14855349536144,0.792155673157287,Bajo,,104.507486428,6.634633357861686,491.0,65.61407963224043,4.183790301460884,1330.0,12229.0,7.1929342212158,9.41156545918937,1634.2048468893447,7.398911632855733,11017.0,1472.2409680415333,9.307194813340065,7.294540987006428,3.295836866004329,4.14855349536144,16.336371392115762,1.0986122886681098,0,4.621979531528049
06,Colima,2022,539.0,71.65199728280737,4.271821029430779,3,1.0986122886681098,0,3,1.0986122886681098,1,1,0.0,1,MORENA,Indira Vizcaíno Silva,27.0,3.295836866004329,10.0,2.302585092994046,0.3703703703703703,2.0,12063429.117693676,16.305689046964112,13445900.0,752247,196743.88864295903,12.18965810426208,738,98.10607420169173,4.586049283122254,0.792155673157287,Bajo,,111.460015795,6.289715570908998,461.0,61.28306261108386,4.11550350151843,55.0,1382.0,4.007333185232471,7.231287004327616,183.7162527733577,5.213392462849397,116.0,15.420466947691384,4.7535901911063645,2.735695649628146,3.295836866004329,4.586049283122254,16.305689046964112,1.0986122886681098,1,4.271821029430779
06,Colima,2023,790.0,104.30351001115652,4.647305014471699,3,1.0986122886681098,0,3,1.0986122886681098,1,1,0.0,1,MORENA,Indira Vizcaíno Silva,26.0,3.258096538021482,6.0,1.791759469228055,0.2307692307692307,2.0,11283932.235973826,16.23889034576641,13163115.0,757405,204646.12723707923,12.22903755790606,792,104.5675695301721,4.649833460825057,0.792155673157287,Bajo,,116.653616175,6.672032945461067,304.0,40.13704689036909,3.692299770416853,30.0,2126.0,3.4011973816621555,7.661997558901893,280.69526871356805,5.6372696279125245,974.0,128.59698576059043,6.881411303642535,4.856683372653166,3.258096538021482,4.649833460825057,16.23889034576641,1.0986122886681098,1,4.647305014471699
06,Colima,2024,668.0,87.61954230594174,4.473004058746701,3,1.0986122886681098,0,3,1.0986122886681098,1,1,0.0,1,MORENA,Indira Vizcaíno Silva,27.0,3.295836866004329,2.0,0.6931471805599453,0.074074074074074,2.0,11804085.296608536,16.28395624109549,14445199.0,762387,,,749,98.24406764543468,4.587454868727275,0.792155673157287,Bajo,1.0,122.374573184,6.504288173536645,441.0,57.84463795946153,4.057760760656901,41.0,4999.0,3.713572066704308,8.51699317141357,655.703730520064,6.485709056623626,2578.0,338.14847315077515,7.8547691834991324,5.823485068709188,3.295836866004329,4.587454868727275,16.28395624109549,1.0986122886681098,1,4.473004058746701
07,Chiapas,2019,1215.0,21.51135790845156,3.0685810704573027,21,3.044522437723423,4,21,3.044522437723423,10,1,2.302585092994046,1,MORENA,Rutilio Escandón Cadenas,136.0,4.912654885736052,50.0,3.912023005428146,0.3676470588235294,,78255514.78426094,18.175489861377365,74821701.64,5648179,62143.92284663783,11.037208310124702,525,9.295031195009932,2.229479977274277,0.4294354660321522,Muy alto,9.0,95.612049638,7.102499355774649,1215.0,21.51135790845156,3.068581070457302,290.0,,5.66988092298052,,,,,,,,4.912654885736052,2.229479977274277,18.175489861377365,3.044522437723423,1,3.0685810704573027
07,Chiapas,2020,853.0,14.924955295122182,2.703034663972484,21,3.044522437723423,4,18,2.8903717578961645,10,1,2.302585092994046,1,MORENA,Rutilio Escandón Cadenas,137.0,4.919980925828125,53.0,3.970291913552122,0.3868613138686131,12.0,50247869.21,17.7324787002233,50247869.21,5715260,59139.91664421216,10.987661383940006,419,7.331250021871272,1.9921460364029424,0.441420070586151,Muy alto,,100.0,6.748759547491679,1880.0,32.89439150624818,3.4933021723047992,878.0,55323.0,6.777646593635117,10.92094401424323,967.9874581383876,6.875219130724033,50895.0,890.5106679311178,10.83751996588644,6.791795082367245,4.919980925828125,1.9921460364029424,17.7324787002233,3.044522437723423,1,2.703034663972484
07,Chiapas,2021,830.0,14.346078931434905,2.663476659671186,18,2.8903717578961645,2,20,2.995732273553991,10,1,2.302585092994046,1,MORENA,Rutilio Escandón Cadenas,135.0,4.90527477843843,52.0,3.951243718581428,0.3851851851851852,12.0,60237155.28109152,17.913799917251417,62952336.88,5785553,61705.4238376176,11.030127112636364,429,7.415021519982619,2.003507877808559,0.441420070586151,Muy alto,,104.507486428,6.721425700790643,1615.0,27.91435840273177,3.329141194537299,397.0,16062.0,5.983936280687191,9.684211512748409,277.62255397193667,5.62626247162895,11980.0,207.06750072119294,9.39099387166944,5.333044830549983,4.90527477843843,2.003507877808559,17.913799917251417,2.8903717578961645,1,2.663476659671186
07,Chiapas,2022,702.0,11.973633445121358,2.4827070194674703,20,2.995732273553991,3,33,3.49650756146648,10,1,2.302585092994046,1,MORENA,Rutilio Escandón Cadenas,110.0,4.700480365792417,40.0,3.688879454113936,0.3636363636363636,12.0,52684290.03993934,17.77982786736151,58721918.0,5862882,63961.71712137478,11.066040013388251,377,6.430284627935544,1.86101880288967,0.441420070586151,Muy alto,,111.460015795,6.553933404025811,702.0,11.973633445121358,2.4827070194674703,473.0,26833.0,6.159095388491933,10.197387752301138,457.67593480475983,6.126161367742798,13289.0,226.66326902025315,9.494691904331507,5.423465519773167,4.700480365792417,1.86101880288967,17.77982786736151,2.995732273553991,1,2.4827070194674703
07,Chiapas,2023,499.0,8.391699650474777,2.127243080471963,33,3.49650756146648,3,53,3.970291913552122,10,1,2.302585092994046,1,MORENA,Rutilio Escandón Cadenas,110.0,4.700480365792417,42.0,3.737669618283368,0.3818181818181818,12.0,46346035.187537126,17.65164630559536,54064326.0,5946352,63904.72679720272,11.065148609417058,500,8.408516683842464,2.129245083142636,0.441420070586151,Muy alto,,116.653616175,6.212606095751519,2684.0,45.13691755886634,3.809700482812017,593.0,40118.0,6.385194398997726,10.599580390384643,674.6657446447839,6.514217375105087,18498.0,311.08148323543577,9.825417897114205,5.7400548818346495,4.700480365792417,2.129245083142636,17.65164630559536,3.49650756146648,1,2.127243080471963
07,Chiapas,2024,354.0,5.872444532770729,1.7702709922565547,53,3.970291913552122,3,58,4.060443010546419,10,1,2.302585092994046,1,MORENA,Rutilio Escandón Cadenas,122.0,4.804021044733257,41.0,3.713572066704308,0.3360655737704918,12.0,46320127.23327007,17.6510871380575,56684058.0,6028154,,,662,10.981803052808536,2.3962396350597883,0.441420070586151,Muy alto,10.0,122.374573184,5.869296913133774,354.0,5.872444532770729,1.7702709922565547,685.0,31758.0,6.529418838262226,10.365899941086042,526.8279476602622,6.266874020208823,23757.0,394.1007479238254,10.075632502878522,5.976606582001303,4.804021044733257,2.3962396350597883,17.6510871380575,3.970291913552122,1,1.7702709922565547
08,Chihuahua,2019,1558.0,41.26829823894556,3.720094608093511,24,3.1780538303479458,2,26,3.258096538021482,7,1,1.9459101490553128,0,PAN,Javier Corral Jurado,109.0,4.691347882229144,41.0,3.713572066704308,0.3761467889908257,,71986147.4161362,18.091984261471545,68827431.0,3775295,217201.5696786609,12.2885810938973,2181,57.77031993526334,4.056475147864447,0.7409710349139557,Medio,6.0,95.612049638,7.351158226430694,1348.0,35.70581901546767,3.5753136731350703,254.0,,5.537334267018537,,,,,,,,4.691347882229144,4.056475147864447,18.091984261471545,3.1780538303479458,0,3.720094608093511
08,Chihuahua,2020,1005.0,26.35977765461977,3.2718392746450053,26,3.258096538021482,2,41,3.713572066704308,7,1,1.9459101490553128,0,PAN,Javier Corral Jurado,102.0,4.624972813284271,45.0,3.80666248977032,0.4411764705882353,6.0,83904223.0,18.245186503901365,83904223.0,3812627,205370.2079956943,12.232569522118816,2296,60.22094477115123,4.098020211591287,0.736344460291508,Medio,,100.0,6.912742820493176,5026.0,131.82511690758105,4.881476172255367,1051.0,156032.0,6.957497370876951,11.957816393400888,4092.506295527992,8.316912847552718,25278.0,663.0074224412722,10.137689731207072,6.496786185358901,4.624972813284271,4.098020211591287,18.245186503901365,3.258096538021482,0,3.2718392746450053
08,Chihuahua,2021,718.0,18.640195166477973,2.925320279507244,41,3.713572066704308,1,41,3.713572066704308,7,1,1.9459101490553128,0,PAN,Javier Corral Jurado,105.0,4.653960350157523,105.0,4.653960350157523,1.0,6.0,63334025.4007549,17.96393326877729,66188798.0,3851891,224824.63808036104,12.323075990997635,2060,53.4802256865524,3.979311972242647,0.736344460291508,Medio,,104.507486428,6.576469569048224,5173.0,134.2976735322988,4.900058780462535,750.0,64491.0,6.620073206530356,11.074280958164245,1674.2685605589566,7.423131668623265,35379.0,918.4839342546297,10.47387370275808,6.8227244132171,4.653960350157523,3.979311972242647,17.96393326877729,3.713572066704308,0,2.925320279507244
08,Chihuahua,2022,681.0,17.469269733220393,2.860443322082826,41,3.713572066704308,1,53,3.970291913552122,7,1,1.9459101490553128,0,PAN,María Eugenia Campos Galván,109.0,4.691347882229144,,,,3.0,67289086.19387119,18.02450861495446,75000426.1,3898274,233693.1677968249,12.361764285169455,1668,42.78816727608167,3.7562615988520056,0.736344460291508,Medio,,111.460015795,6.523562306149512,633.0,16.237955567002217,2.78735143807749,1320.0,54882.0,7.1853870155804165,10.91294070488442,1407.8538347997087,7.249821720817733,31184.0,799.9437699864094,10.347660421747342,6.684541437680656,4.691347882229144,3.7562615988520056,18.02450861495446,3.713572066704308,0,2.860443322082826
08,Chihuahua,2023,844.0,21.378259424671523,3.0623744909016866,53,3.970291913552122,3,79,4.3694478524670215,7,1,1.9459101490553128,0,PAN,María Eugenia Campos Galván,122.0,4.804021044733257,,,,3.0,73286066.73602761,18.109881063331706,85490847.0,3947936,238099.09785771603,12.380442243545962,1776,44.98553168035146,3.806340919857845,0.736344460291508,Medio,,116.653616175,6.738152494595957,4532.0,114.79416079693289,4.743140618453626,1263.0,68098.0,7.141245122350491,11.128703123130714,1724.9013155228452,7.452925119436444,48578.0,1230.4657420991628,10.790926032503254,7.115148028808984,4.804021044733257,3.806340919857845,18.109881063331706,3.970291913552122,0,3.0623744909016866
08,Chihuahua,2024,922.0,23.07016332274408,3.138540151603346,79,4.3694478524670215,3,94,4.543294782270004,7,1,1.9459101490553128,0,PAN,María Eugenia Campos Galván,124.0,4.820281565605037,,,,3.0,83599601.89293304,18.241549315997336,102304656.0,3996504,,,1705,42.66228683869702,3.753315317764369,0.736344460291508,Medio,7.0,122.374573184,6.826545223556594,922.0,23.07016332274408,3.138540151603346,1601.0,78387.0,7.378383712996714,11.26941337626292,1961.389254208178,7.581408304309674,47507.0,1188.7139359800465,10.768632347586125,7.080627275632878,4.820281565605037,3.753315317764369,18.241549315997336,4.3694478524670215,0,3.138540151603346
09,Mexico City,2019,39572.0,423.54382194034486,6.048656984394941,353,5.8664680569332965,12,358,5.8805329864007,20,1,2.995732273553991,1,MORENA,Claudia Sheinbaum Pardo,685.0,6.529418838262226,199.0,5.293304824724492,0.2905109489051095,,455431669.5946407,19.936756251544512,435447554.0,9343071,371077.13298978464,12.824165225613037,1396,14.941554013664245,2.7041461912741456,0.8562918959437442,Muy bajo,1.0,95.612049638,10.585877076443111,9603.0,102.78205099800697,4.6326107365898,919.0,,6.823286122355687,,,,,,,,6.529418838262226,2.7041461912741456,19.936756251544512,5.8664680569332965,1,6.048656984394941
09,Mexico City,2020,30207.0,323.67210270500385,5.779730974657267,358,5.8805329864007,12,370,5.91350300563827,20,1,2.995732273553991,1,MORENA,Claudia Sheinbaum Pardo,697.0,6.546785410760524,169.0,5.1298987149230735,0.242467718794835,5.0,435447554.0,19.89188491990961,435447554.0,9332593,336883.86496657465,12.727493535598825,1128,12.08667301788474,2.4921034421315467,0.851414899708452,Muy bajo,,100.0,10.315828964583725,15074.0,161.5199548507044,5.084628694476957,777.0,57154.0,6.655440350367647,10.953504658024777,612.4128631774685,6.41740666809832,21803.0,233.62210266750088,9.989802853988047,5.45370486406159,6.546785410760524,2.4921034421315467,19.89188491990961,5.8805329864007,1,5.779730974657267
09,Mexico City,2021,8307.0,89.58605032930718,4.495199619571223,370,5.91350300563827,12,379,5.937536205082426,20,1,2.995732273553991,1,MORENA,Claudia Sheinbaum Pardo,738.0,6.6039438246004725,173.0,5.153291594497779,0.2344173441734417,5.0,437669327.38844687,19.896974222914327,457397212.92,9272649,360306.9629832856,12.79471162206509,921,9.932436782628136,2.2958058439874582,0.851414899708452,Muy bajo,,104.507486428,9.02485381183907,38990.0,420.4839415360163,6.041406289708794,499.0,124657.0,6.212606095751519,11.733321244615215,1344.3515439870528,7.203667052347369,57344.0,618.4209064745145,10.956823496334602,6.427169304066753,6.6039438246004725,2.2958058439874582,19.896974222914327,5.91350300563827,1,4.495199619571223
09,Mexico City,2022,8894.0,96.27996056137258,4.567260203290489,379,5.937536205082426,15,384,5.950642552587727,20,1,2.995732273553991,1,MORENA,Claudia Sheinbaum Pardo,724.0,6.584791392385716,163.0,5.093750200806762,0.2251381215469613,7.0,410888124.08058566,19.83383153122273,457975968.0,9237644,395230.64538966864,12.887224785851666,709,7.675117161908382,2.037983558751975,0.851414899708452,Muy bajo,,111.460015795,9.09313217107064,8894.0,96.27996056137258,4.567260203290489,1623.0,177323.0,7.392031567514591,12.085728207281178,1919.5695352624543,7.559856239501025,66788.0,722.998201705976,11.109278702668847,6.583406734888695,6.584791392385716,2.037983558751975,19.83383153122273,5.937536205082426,1,4.567260203290489
09,Mexico City,2023,8058.0,87.38144865168734,4.470283002141727,384,5.950642552587727,15,426,6.054439346269371,20,1,2.995732273553991,1,MORENA,Claudia Sheinbaum Pardo,741.0,6.608000625296087,173.0,5.153291594497779,0.233468286099865,7.0,412340950.73264027,19.83736111540477,481010630.0,9221637,412724.9858132564,12.930536756222711,780,8.458368074995795,2.135156256074072,0.851414899708452,Muy bajo,,116.653616175,8.994420665751292,45454.0,492.9059775395627,6.200318440924392,3537.0,315538.0,8.17103418920548,12.662034397450736,3421.713520061568,8.137896733841169,216991.0,2353.0637781556575,12.287611157008122,7.763473493398556,6.608000625296087,2.135156256074072,19.83736111540477,5.950642552587727,1,4.470283002141727
09,Mexico City,2024,7620.0,82.78992935476657,4.416306427843992,426,6.054439346269371,15,432,6.068425588244111,20,1,2.995732273553991,1,MORENA,Martí Batres Guadarrama,703.0,6.555356891810665,162.0,5.087596335232384,0.2304409672830725,7.0,411890274.9855739,19.836267548993025,504048966.0,9204018,,,813,8.833098761866829,2.178505888711111,0.851414899708452,Muy bajo,17.0,122.374573184,8.938531648680692,7620.0,82.78992935476657,4.416306427843992,5693.0,329238.0,8.646992628951082,12.70453617247209,3577.111648412682,8.18231095163539,236377.0,2568.1935867574357,12.373183267056639,7.85095804621994,6.555356891810665,2.178505888711111,19.836267548993025,6.054439346269371,1,4.416306427843992
10,Durango,2019,1103.0,59.74029491015937,4.090006749336866,5,1.6094379124341005,1,5,1.6094379124341005,0,0,,0,PAN-PRI,José Rosas Aispuro Torres,69.0,4.23410650459726,26.0,3.258096538021482,0.3768115942028985,,34265133.02877595,17.349638865346076,32761596.0,1846325,149486.1413889754,11.914958967776696,150,8.124246814618228,2.09485302417962,0.6786011707356722,Alto,12.0,95.612049638,7.005789019253503,1103.0,59.74029491015937,4.090006749336866,683.0,,6.52649485957079,,,,,,,,4.23410650459726,2.09485302417962,17.349638865346076,1.6094379124341005,0,4.090006749336866
10,Durango,2020,697.0,37.51032610304307,3.624616257818817,5,1.6094379124341005,1,6,1.791759469228055,0,0,,0,PAN-PRI,José Rosas Aispuro Torres,65.0,4.174387269895637,26.0,3.258096538021482,0.4,4.0,39348700.0,17.487973495433163,39348700.0,1858155,138847.40508730433,11.841130803956094,143,7.695805785846714,2.0406754773182008,0.679596052815997,Alto,,100.0,6.546785410760524,680.0,36.59544010052983,3.5999236452284458,502.0,29403.0,6.218600119691729,10.288851988937289,1582.3760665821744,7.366682835995583,21001.0,1130.207114045922,9.952325334619427,7.030156181677722,4.174387269895637,2.0406754773182008,17.487973495433163,1.6094379124341005,0,3.624616257818817
10,Durango,2021,790.0,42.24178771523261,3.743409961306224,6,1.791759469228055,1,6,1.791759469228055,0,0,,0,PAN-PRI,José Rosas Aispuro Torres,65.0,4.174387269895637,26.0,3.258096538021482,0.4,4.0,21651143.638966788,16.89056883498839,22627066.0,1870186,148113.6100901194,11.905734894008678,128,6.844239022214902,1.9234072797647728,0.679596052815997,Alto,,104.507486428,6.672032945461067,729.0,38.98008005620832,3.663050747853815,167.0,5148.0,5.117993812416755,8.546363568716018,275.2667381747056,5.617740584561174,3375.0,180.463333593557,8.12415060330663,5.195527619151787,4.174387269895637,1.9234072797647728,16.89056883498839,1.791759469228055,0,3.743409961306224
10,Durango,2022,821.0,43.57088042897946,3.774389047154461,6,1.791759469228055,1,6,1.791759469228055,0,0,,0,PAN-PRI,José Rosas Aispuro Torres,48.0,3.871201010907891,32.0,3.4657359027997265,0.6666666666666666,8.0,23424583.079209674,16.96929658781766,26109044.0,1884286,159211.49974048525,11.977988784334418,115,6.103107490051935,1.8087980660652831,0.679596052815997,Alto,,111.460015795,6.710523109452428,821.0,43.57088042897946,3.774389047154461,349.0,560.0,5.855071922202427,6.327936783729195,29.719479951557247,3.391802721431228,,,,,3.871201010907891,1.8087980660652831,16.96929658781766,1.791759469228055,0,3.774389047154461
10,Durango,2023,1015.0,53.43632417053927,3.9784907426287255,6,1.791759469228055,1,9,2.19722457733622,0,0,,0,PRI,Esteban Villegas Villarreal,90.0,4.499809670330265,34.0,3.5263605246161616,0.3777777777777777,6.0,30780865.76084661,17.242403813362372,35906993.0,1899457,163204.53687553864,12.002759520608212,78,4.106436734287747,1.4125556778424295,0.679596052815997,Alto,,116.653616175,6.922643891475888,833.0,43.85463845720119,3.780880493319681,520.0,13385.0,6.253828811575473,9.501889955954454,704.675072928737,6.557736807107291,8344.0,439.28343731919176,9.029297996680608,6.085144847833446,4.499809670330265,1.4125556778424295,17.242403813362372,1.791759469228055,0,3.9784907426287255
10,Durango,2024,905.0,47.28876032384179,3.856272641971768,9,2.19722457733622,1,9,2.19722457733622,0,0,,0,PRI,Esteban Villegas Villarreal,91.0,4.51085950651685,35.0,3.555348061489413,0.3846153846153846,7.0,31704492.191906348,17.271968938331522,38798237.0,1913774,,,64,3.34417752566395,1.2072207816315137,0.679596052815997,Alto,14.0,122.374573184,6.807934943699926,905.0,47.28876032384179,3.856272641971768,627.0,21968.0,6.440946540632921,9.997342128007752,1147.888935684151,7.045679826279594,14616.0,763.7265424235045,9.589872098057842,6.638209796329685,4.51085950651685,1.2072207816315137,17.271968938331522,2.19722457733622,0,3.856272641971768
11,Guanajuato,2019,1122.0,18.05441620353281,2.893390319868954,16,2.772588722239781,0,16,2.772588722239781,3,1,1.0986122886681098,0,PAN,Diego Sinhue Rodríguez Vallejo,125.0,4.8283137373023015,43.0,3.7612001156935615,0.344,,158707613.2919664,18.882574157200207,151743602.0,6214546,164291.9691961408,12.00940042392716,2775,44.65330210766804,3.7989282599668472,0.707958066552041,Medio,5.0,95.612049638,7.022868086082641,642.0,10.330601784909147,2.335110537476273,2382.0,,7.775695749915245,,,,,,,,4.8283137373023015,3.7989282599668472,18.882574157200207,2.772588722239781,0,2.893390319868954
11,Guanajuato,2020,687.0,10.964289293810396,2.394643563883246,16,2.772588722239781,0,17,2.833213344056216,3,1,1.0986122886681098,0,PAN,Diego Sinhue Rodríguez Vallejo,123.0,4.812184355372417,44.0,3.784189633918261,0.3577235772357723,5.0,119666371.0,18.600218187029306,119666371.0,6265796,149542.05339592925,11.915332925875502,3359,53.60851199113409,3.9817078612731898,0.714424953129142,Medio,,100.0,6.532334292222349,5520.0,88.09734629087829,4.478442410932038,2067.0,148934.0,7.633853559681768,11.911258533774792,2376.936625450302,7.77356780543569,108180.0,1726.5164713310166,11.591551785425418,7.453861057086315,4.812184355372417,3.9817078612731898,18.600218187029306,2.772588722239781,0,2.394643563883246
11,Guanajuato,2021,732.0,11.602538863750055,2.451223941728968,17,2.833213344056216,0,18,2.8903717578961645,3,1,1.0986122886681098,0,PAN,Diego Sinhue Rodríguez Vallejo,135.0,4.90527477843843,39.0,3.6635616461296463,0.2888888888888888,5.0,112796914.3925529,18.54109954197813,117881220.0,6308964,166588.36537979927,12.02328117062079,2823,44.74585684749509,3.8009988560211454,0.714424953129142,Medio,,104.507486428,6.595780513961311,6501.0,103.04385949896051,4.635154717972124,1586.0,367040.0,7.368970402194793,12.813226112923145,5817.753913320792,8.668669540690798,40114.0,635.8254699186745,10.599480679545993,6.454924107313648,4.90527477843843,3.8009988560211454,18.54109954197813,2.833213344056216,0,2.451223941728968
11,Guanajuato,2022,1649.0,25.924354964631885,3.25518287298183,18,2.8903717578961645,0,22,3.091042453358316,3,1,1.0986122886681098,0,PAN,Diego Sinhue Rodríguez Vallejo,126.0,4.836281906951478,43.0,3.7612001156935615,0.3412698412698413,5.0,108177875.39323936,18.499287424662462,120575077.0,6360814,174663.17990118873,12.070614712038044,2634,41.40979440681649,3.7235174327254574,0.714424953129142,Medio,,111.460015795,7.407924322559599,1193.0,18.755461172107847,2.931484972520148,1439.0,150364.0,7.271703706887368,11.920814300144164,2363.911285568168,7.768072850566395,19447.0,305.73131048950654,9.875448095504883,5.722706645927113,4.836281906951478,3.7235174327254574,18.499287424662462,2.8903717578961645,0,3.25518287298183
11,Guanajuato,2023,2036.0,31.70113490374361,3.456352481622305,22,3.091042453358316,1,30,3.4011973816621555,3,1,1.0986122886681098,0,PAN,Diego Sinhue Rodríguez Vallejo,136.0,4.912654885736052,44.0,3.784189633918261,0.3235294117647059,5.0,117162104.76918806,18.57906904467528,136673832.0,6422483,176100.1157963361,12.078807952044196,2581,40.1869495022408,3.693542303670506,0.714424953129142,Medio,,116.653616175,7.618742377670413,6224.0,96.90955974503942,4.57377816981012,927.0,17227.0,6.831953565565855,9.75423319944637,268.22959282258904,5.591843303398261,6577.0,102.40587635654309,8.79133399330135,4.628944097253243,4.912654885736052,3.693542303670506,18.57906904467528,3.091042453358316,0,3.456352481622305
11,Guanajuato,2024,2361.0,36.42653950343267,3.5952976162103014,30,3.4011973816621555,1,40,3.688879454113936,3,1,1.0986122886681098,0,PAN,Libia Dennise García Muñoz Ledo,135.0,4.90527477843843,42.0,3.737669618283368,0.3111111111111111,5.0,119302213.85163397,18.597170443908823,145995575.0,6481538,,,2553,39.3887993868122,3.673481496366272,0.714424953129142,Medio,6.0,122.374573184,7.766840537085513,1672.0,25.796346484430085,3.2502328727694354,743.0,61567.0,6.610696044717759,11.02788129168973,949.8825741668104,6.856338370814519,49556.0,764.571618649771,10.81085862223563,6.639315701360418,4.90527477843843,3.673481496366272,18.597170443908823,3.4011973816621555,0,3.5952976162103014
12,Guerrero,2019,2013.0,55.84651723584985,4.0226071643201164,12,2.4849066497880004,0,12,2.4849066497880004,2,1,0.6931471805599453,0,PRI,Héctor Astudillo Flores,183.0,5.209486152841421,76.0,4.330733340286331,0.4153005464480874,,79320969.38319167,18.189013082711032,75840404.62,3604522,80731.9250652375,11.298889377828,1580,43.833828729579125,3.7804058647013377,0.3859862655137374,Muy alto,7.0,95.612049638,7.607381425639791,864.0,23.969891153390105,3.176798507484381,582.0,,6.366470447731438,,,,,,,,5.209486152841421,3.7804058647013377,18.189013082711032,2.4849066497880004,0,4.0226071643201164
12,Guerrero,2020,1053.0,29.25036562957037,3.3758920737559914,12,2.4849066497880004,0,12,2.4849066497880004,2,1,0.6931471805599453,0,PRI,Héctor Astudillo Flores,179.0,5.187385805840755,75.0,4.31748811353631,0.4189944134078212,9.0,82340404.62,18.226372488309018,82340404.62,3599955,73056.46876141508,11.198987965775965,1222,33.94486875530389,3.524737701353556,0.404281499758606,Muy alto,,100.0,6.959398512133975,4816.0,133.77945002090306,4.8961925486106725,515.0,29638.0,6.244166900663736,10.296812600750124,823.2880688786387,6.713306162372139,20050.0,556.9514063370236,9.905984432734716,6.32247799435673,5.187385805840755,3.524737701353556,18.226372488309018,2.4849066497880004,0,3.3758920737559914
12,Guerrero,2021,1010.0,28.068560655325854,3.3346501120845846,12,2.4849066497880004,0,15,2.70805020110221,2,1,0.6931471805599453,0,PRI,Héctor Astudillo Flores,175.0,5.1647859739235145,75.0,4.31748811353631,0.4285714285714285,9.0,81742222.38026401,18.21908122413629,85426741.96,3598332,79203.36422542445,11.279774054494112,1166,32.40390269713856,3.478278869159717,0.404281499758606,Muy alto,,104.507486428,6.917705609835305,4697.0,130.53270237432233,4.871623788276275,180.0,9295.0,5.19295685089021,9.137231900155545,258.3141299913404,5.554176402404824,7273.0,202.12142737246037,8.89192414015454,5.30886864240382,5.1647859739235145,3.478278869159717,18.21908122413629,2.4849066497880004,0,3.3346501120845846
12,Guerrero,2022,1119.0,31.083756417795687,3.4366853810595583,15,2.70805020110221,0,15,2.70805020110221,2,1,0.6931471805599453,1,MORENA,Evelyn Salgado Pineda,164.0,5.099866427824199,70.0,4.248495242049359,0.4268292682926829,13.0,82963204.64378417,18.23390774992183,92470801.0,3599951,86112.28319496571,11.363407342203008,1137,31.583763223443874,3.452643166498169,0.404281499758606,Muy alto,,111.460015795,7.020190708311925,723.0,20.08360669353555,2.9999038949063976,118.0,5793.0,4.770684624465665,8.664405571096625,160.91885695110852,5.080900243844257,2611.0,72.5287649748566,7.8674885686991285,4.283983241446762,5.099866427824199,3.452643166498169,18.23390774992183,2.70805020110221,1,3.4366853810595583
12,Guerrero,2023,1581.0,43.865307702231966,3.7811237503108326,15,2.70805020110221,0,13,2.5649493574615367,2,1,0.6931471805599453,1,MORENA,Evelyn Salgado Pineda,200.0,5.298317366548036,92.0,4.5217885770490405,0.46,13.0,84432517.59314783,18.25146316490475,98493585.0,3604215,87120.21896584971,11.375044270985796,1401,38.87115502266097,3.660252459438368,0.404281499758606,Muy alto,,116.653616175,7.365812837209472,5439.0,150.9066468010371,5.016661412524321,314.0,28387.0,5.749392985908253,10.253686572872525,787.6056228610113,6.668997485973883,20033.0,555.8214479435883,9.905136192781653,6.320447105883013,5.298317366548036,3.660252459438368,18.25146316490475,2.70805020110221,1,3.7811237503108326
12,Guerrero,2024,588.0,16.302842489310965,2.7913394784565706,13,2.5649493574615367,0,14,2.6390573296152584,2,1,0.6931471805599453,1,MORENA,Evelyn Salgado Pineda,207.0,5.332718793265369,95.0,4.553876891600541,0.4589371980676328,13.0,83260495.50081019,18.237484750960213,101889676.0,3606733,,,1398,38.76083979601484,3.6574104533516993,0.404281499758606,Muy alto,7.0,122.374573184,6.376726947898627,429.0,11.894420795772795,2.4760694494859607,336.0,25653.0,5.817111159963204,10.152415802824065,711.2530924800922,6.567028333382009,15355.0,425.7315415363433,9.639196432874924,6.053808963432867,5.332718793265369,3.6574104533516993,18.237484750960213,2.5649493574615367,1,2.7913394784565706
13,Hidalgo,2019,7828.0,252.9136930407056,5.533048296301543,19,2.9444389791664403,0,19,2.9444389791664403,4,1,1.3862943611198906,0,PRI,Omar Fayad Meneses,105.0,4.653960350157523,53.0,3.970291913552122,0.5047619047619047,,49126390.63573842,17.709906935859667,46970749.0,3095127,127943.0537099124,11.75934055101624,287,9.272640508773954,2.2270681835451978,0.6537604049324796,Alto,16.0,95.612049638,8.965462328515967,1708.0,55.18351912538645,4.010664342134092,2887.0,,7.967973179662935,,,,,,,,4.653960350157523,2.2270681835451978,17.709906935859667,2.9444389791664403,0,5.533048296301543
13,Hidalgo,2020,4971.0,158.80946889078726,5.067705174811109,19,2.9444389791664403,0,15,2.70805020110221,4,1,1.3862943611198906,0,PRI,Omar Fayad Meneses,107.0,4.672828834461906,54.0,3.9889840465642745,0.5046728971962616,17.0,46970749.0,17.66503560422477,46970749.0,3130166,119163.009246155,11.688247660336437,296,9.4563674897753,2.2466883230404964,0.664160733785153,Alto,,100.0,8.511376306094673,4839.0,154.59244014534693,5.0407922355097545,1485.0,79974.0,7.3031700512368,11.289456860832074,2554.9443703624665,7.845785729548509,48676.0,1555.06129706859,10.79294137445669,7.349270243173127,4.672828834461906,2.2466883230404964,17.66503560422477,2.9444389791664403,0,5.067705174811109
13,Hidalgo,2021,5003.0,158.42571138780988,5.065285785575449,15,2.70805020110221,0,11,2.3978952727983707,4,1,1.3862943611198906,0,PRI,Omar Fayad Meneses,103.0,4.634728988229636,49.0,3.8918202981106265,0.4757281553398058,19.0,45815264.2040501,17.64012787312353,47880381.02,3157947,126981.23179394714,11.751794573369995,241,7.631540364673632,2.032289707577899,0.664160733785153,Alto,,104.507486428,8.517793011488205,4841.0,153.29579628790478,5.0323693640269385,579.0,47911.0,6.361302477572996,10.777100402128552,1517.1565577256365,7.324593176215798,18614.0,589.433578207614,9.831669264745656,6.3791620388329,4.634728988229636,2.032289707577899,17.64012787312353,2.70805020110221,0,5.065285785575449
13,Hidalgo,2022,1112.0,34.85531752034507,3.5512057086471214,11,2.3978952727983707,0,18,2.8903717578961645,4,1,1.3862943611198906,0,PRI,Omar Fayad Meneses,76.0,4.330733340286331,30.0,3.4011973816621555,0.3947368421052631,16.0,42918846.4211091,17.574821597944997,47837353.0,3190331,135095.70010133745,11.813738695916523,274,8.588450540085026,2.150418340224664,0.664160733785153,Alto,,111.460015795,7.013915474810528,0.0,0.0,,576.0,43456.0,6.356107660695892,10.679504210918369,1362.115717773485,7.216794444754962,6388.0,200.23000748198228,8.762176509334903,5.299466743171497,4.330733340286331,2.150418340224664,17.574821597944997,2.3978952727983707,0,3.5512057086471214
13,Hidalgo,2023,770.0,23.855250060335194,3.1720043214256086,18,2.8903717578961645,1,20,2.995732273553991,4,1,1.3862943611198906,1,MORENA,Julio Menchaca Salazar,70.0,4.248495242049359,29.0,3.367295829986474,0.4142857142857143,17.0,37920272.38456074,17.45099641846245,44235369.0,3227801,137245.13995751287,11.829523948599196,219,6.784804887290139,1.91468553639438,0.664160733785153,Alto,,116.653616175,6.646390514847729,4834.0,149.76140102813028,5.009043367841307,387.0,15587.0,5.958424693029782,9.65419251248905,482.8984190784996,6.17980631906693,5640.0,174.73196148089673,8.637639344492104,5.163253151069983,4.248495242049359,1.91468553639438,17.45099641846245,2.8903717578961645,1,3.1720043214256086
13,Hidalgo,2024,503.0,15.408674501707056,2.7349306301689555,20,2.995732273553991,1,25,3.218875824868201,4,1,1.3862943611198906,1,MORENA,Julio Menchaca Salazar,73.0,4.290459441148391,30.0,3.4011973816621555,0.410958904109589,16.0,42330713.52339794,17.56102346856572,51802030.0,3264395,,,246,7.535852738409414,2.019671996001579,0.664160733785153,Alto,17.0,122.374573184,6.220590170099739,33.0,1.0109070746646776,0.0108480215356966,469.0,28619.0,6.150602768446279,10.261826111899026,876.7015021160123,6.776166571968243,20873.0,639.4140414992671,9.946211736745907,6.460552196815123,4.290459441148391,2.019671996001579,17.56102346856572,2.995732273553991,1,2.7349306301689555
14,Jalisco,2019,20486.0,243.203832377641,5.493899908099602,25,3.218875824868201,1,25,3.218875824868201,5,1,1.6094379124341005,0,MC,Enrique Alfaro Ramírez,337.0,5.820082930352362,146.0,4.983606621708336,0.4332344213649852,,211624229.67197096,19.170322758349386,202338263.52,8423387,199444.71267911588,12.203292347476609,2017,23.94523723058195,3.175769441057333,0.800832095018932,Bajo,18.0,95.612049638,9.92749700499648,9593.0,113.88530528159278,4.735191847921069,1707.0,,7.442492722794441,,,,,,,,5.820082930352362,3.175769441057333,19.170322758349386,3.218875824868201,0,5.493899908099602
14,Jalisco,2020,9304.0,109.36024491805152,4.694647431971083,25,3.218875824868201,1,20,2.995732273553991,5,1,1.6094379124341005,0,MC,Enrique Alfaro Ramírez,359.0,5.883322388488279,150.0,5.010635294096256,0.4178272980501393,5.0,220214499.02,19.210112624862656,220214499.02,8507662,178192.31652597387,12.09061867595108,1754,20.61670997272811,3.0261019107047105,0.802560348142443,Bajo,,100.0,9.1381996941985,1477.0,17.36082133963479,2.8542160203039617,1655.0,151291.0,7.411556287811163,11.926960413539232,1778.2911450878046,7.483408151311814,116786.0,1372.7155592217932,11.66809847917842,7.224546216951002,5.883322388488279,3.0261019107047105,19.210112624862656,3.218875824868201,0,4.694647431971083
14,Jalisco,2021,7703.0,89.84717582088044,4.498110180580648,20,2.995732273553991,1,23,3.1354942159291497,5,1,1.6094379124341005,0,MC,Enrique Alfaro Ramírez,333.0,5.808142489980444,144.0,4.969813299576001,0.4324324324324324,5.0,144314091.13825175,18.78750267066222,150819029.21,8573447,197120.24813356868,12.191569218120984,1816,21.181678734352705,3.0531365973889204,0.802560348142443,Bajo,,104.507486428,8.949365142352965,7223.0,84.24849421708679,4.433770696278529,,,,,,,,,,,5.808142489980444,3.0531365973889204,18.78750267066222,2.995732273553991,0,4.498110180580648
14,Jalisco,2022,8313.0,96.12642758672366,4.565664279072861,23,3.1354942159291497,1,29,3.367295829986474,5,1,1.6094379124341005,0,MC,Enrique Alfaro Ramírez,308.0,5.730099782973574,119.0,4.77912349311153,0.3863636363636363,7.0,148335601.6242524,18.814987843194377,165334885.0,8647986,207909.6797797776,12.24485903254952,1600,18.50141755548633,2.9178473537696457,0.802560348142443,Bajo,,111.460015795,9.025575833531088,8001.0,92.51865116340382,4.527410258391897,2646.0,165852.0,7.880804344674901,12.018851103392027,1917.8106902578245,7.5589395489338,57650.0,666.6292012961169,10.962145525697204,6.5022339712389785,5.730099782973574,2.9178473537696457,18.814987843194377,3.1354942159291497,0,4.565664279072861
14,Jalisco,2023,3047.0,34.880615455695725,3.5519312438305137,29,3.367295829986474,2,34,3.5263605246161616,5,1,1.6094379124341005,0,MC,Enrique Alfaro Ramírez,342.0,5.834810737062605,98.0,4.584967478670572,0.2865497076023391,6.0,133090976.59440818,18.70654348688545,155255437.0,8735511,210062.1245854993,12.255158597309658,1450,16.598914476783328,2.8093373002594246,0.802560348142443,Bajo,,116.653616175,8.021912778985708,3942.0,45.12615232239991,3.80946195255747,3594.0,122092.0,8.187021067343505,11.712530137886745,1397.651493999607,7.2425486027315475,30729.0,351.7710641083275,10.332962113104644,5.862980577949449,5.834810737062605,2.8093373002594246,18.70654348688545,3.367295829986474,0,3.5519312438305137
14,Jalisco,2024,2976.0,33.73799656838321,3.518624696824415,34,3.5263605246161616,2,35,3.555348061489413,5,1,1.6094379124341005,0,MC,Enrique Alfaro Ramírez,331.0,5.802118375377063,111.0,4.709530201312334,0.3353474320241691,6.0,134626035.2240723,18.718011383097963,164748036.0,8820915,,,1440,16.32483704921768,2.792687693441479,0.802560348142443,Bajo,16.0,122.374573184,7.998335395952982,184.0,2.0859514007333706,0.7352250584804183,3449.0,120071.0,8.145839612936841,11.69583851346514,1361.2079925948724,7.216127814336571,29245.0,331.54156910025773,10.283463897877127,5.803753198748558,5.802118375377063,2.792687693441479,18.718011383097963,3.5263605246161616,0,3.518624696824415
15,State of Mexico,2019,9137.0,53.303330545171086,3.975998815995775,113,4.727387818712341,6,114,4.736198448394496,3,1,1.0986122886681098,0,PRI,Alfredo Del Mazo Maza,346.0,5.846438775057725,151.0,5.017279836814924,0.4364161849710982,,327886769.69790953,19.60817889241259,313499261.0,17141518,119826.0270764818,11.69379619546184,2539,14.81199039664982,2.6954370147018327,0.7650185358363708,Bajo,17.0,95.612049638,9.12008738299862,9137.0,53.303330545171086,3.975998815995775,3172.0,,8.06211758275474,,,,,,,,5.846438775057725,2.6954370147018327,19.60817889241259,4.727387818712341,0,3.975998815995775
15,State of Mexico,2020,7449.0,43.2157081702229,3.766204044209589,114,4.736198448394496,6,117,4.762173934797756,3,1,1.0986122886681098,0,PRI,Alfredo Del Mazo Maza,342.0,5.834810737062605,173.0,5.153291594497779,0.5058479532163743,33.0,327910852.0,19.608252336723165,327910852.0,17236788,110519.43088236626,11.612946629570295,2441,14.16157116975622,2.650532040426272,0.765347674423089,Bajo,,100.0,8.915835074176277,11505.0,66.74677439903536,4.200905972502778,4113.0,202571.0,8.321907968230423,12.218845721360806,1175.2247576520638,7.069214691394118,136835.0,793.8544002513693,11.826531099400297,6.67690006943361,5.834810737062605,2.650532040426272,19.608252336723165,4.736198448394496,0,3.766204044209589
15,State of Mexico,2021,10118.0,58.515821769065504,4.069297175261613,117,4.762173934797756,7,115,4.74493212836325,3,1,1.0986122886681098,0,PRI,Alfredo Del Mazo Maza,374.0,5.924255797414532,140.0,4.941642422609304,0.374331550802139,28.0,252093595.69805303,19.34531098801973,263456680.31,17291050,120871.78048759328,11.70248559734477,2346,13.567712776262864,2.607692909623152,0.765347674423089,Bajo,,104.507486428,9.22207129485188,17772.0,102.78149678590948,4.632605344465531,2841.0,174494.0,7.951911381854188,12.069645636079322,1009.1579169570384,6.916871516489054,113055.0,653.8353656949694,11.63562970494568,6.482855585355411,5.924255797414532,2.607692909623152,19.34531098801973,4.762173934797756,0,4.069297175261613
15,State of Mexico,2022,6850.0,39.41392585486791,3.67411920194892,115,4.74493212836325,6,139,4.934473933130692,3,1,1.0986122886681098,0,PRI,Alfredo Del Mazo Maza,277.0,5.6240175061873385,125.0,4.8283137373023015,0.4512635379061371,26.0,246131108.1316988,19.32137491180892,274337772.0,17379644,127620.5657607256,11.756816810579144,2257,12.9864570298448,2.563907047510184,0.765347674423089,Bajo,,111.460015795,8.83200393125627,6850.0,39.41392585486791,3.67411920194892,4752.0,255373.0,8.466320861042481,12.450480500469087,1469.379925158421,7.2925957711617375,133658.0,769.0491243664139,11.803039577613292,6.64515484830594,5.6240175061873385,2.563907047510184,19.32137491180892,4.74493212836325,0,3.67411920194892
15,State of Mexico,2023,5262.0,30.066475365717363,3.4034107758209378,139,4.934473933130692,8,0,,3,1,1.0986122886681098,1,MORENA,Delfina Gómez Álvarez,320.0,5.768320995793772,129.0,4.859812404361672,0.403125,40.0,242894713.6751717,19.30813863035629,283345467.0,17501220,129990.93777462372,11.775220017581931,2254,12.879102142593489,2.555606008820421,0.765347674423089,Bajo,,116.653616175,8.568266461600238,10208.0,58.32736232102676,4.06607131980527,3689.0,209647.0,8.213110697596676,12.253180442932967,1197.899346445562,7.088324757153667,99875.0,570.6745015490349,11.511674683068575,6.346818997289275,5.768320995793772,2.555606008820421,19.30813863035629,4.934473933130692,1,3.4034107758209378
15,State of Mexico,2024,5393.0,30.61418306906816,3.421463400565014,0,,0,0,,3,1,1.0986122886681098,1,MORENA,Delfina Gómez Álvarez,316.0,5.755742213586912,129.0,4.859812404361672,0.4082278481012658,27.0,245932377.2655652,19.32056716694332,300958697.0,17616018,,,1964,11.148944103031685,2.4113447941421984,0.765347674423089,Bajo,17.0,122.374573184,8.592857095337227,5393.0,30.61418306906816,3.421463400565014,4596.0,232125.0,8.432941638968646,12.355031298655009,1317.692795273029,7.183637603882794,103427.0,587.1190640245712,11.546621328826953,6.375227634054741,5.755742213586912,2.4113447941421984,19.32056716694332,,1,3.421463400565014
16,Michoacan,2019,2273.0,47.37043051447664,3.857998205230369,4,1.3862943611198906,1,4,1.3862943611198906,1,1,0.0,0,PRD,Silvano Aureoles Conejo,183.0,5.209486152841421,66.0,4.189654742026425,0.360655737704918,,101126300.959008,18.431880798120577,96688929.07,4798352,122750.47766399795,11.717908937005594,1680,35.012020793805874,3.55569145377513,0.6631951436628246,Alto,6.0,95.612049638,7.728855823852543,821.0,17.110041114115845,2.839665490830253,232.0,,5.44673737166631,,,,,,,,5.209486152841421,3.55569145377513,18.431880798120577,1.3862943611198906,0,3.857998205230369
16,Michoacan,2020,2458.0,50.88745611785022,3.929616451492203,4,1.3862943611198906,1,5,1.6094379124341005,1,1,0.0,0,PRD,Silvano Aureoles Conejo,199.0,5.293304824724492,74.0,4.30406509320417,0.371859296482412,8.0,86500000.0,18.275654971902107,86500000.0,4830267,114486.42487050925,11.64821153486474,1976,40.90871167163223,3.711343039674036,0.672535895271555,Alto,,100.0,7.80710329012598,459.0,9.50258029214534,2.251563371426768,656.0,83277.0,6.486160788944089,11.32992767958525,1724.066185161193,7.452440840951472,69366.0,1436.0696831044745,11.147152112903377,7.2696652742696,5.293304824724492,3.711343039674036,18.275654971902107,1.3862943611198906,0,3.929616451492203
16,Michoacan,2021,2720.0,55.93718747410077,4.024229408964285,5,1.6094379124341005,0,6,1.791759469228055,1,1,0.0,0,PRD,Silvano Aureoles Conejo,270.0,5.598421958998375,88.0,4.477336814478207,0.3259259259259259,9.0,84829488.50853592,18.25615378215989,88653166.19,4862597,125241.71754311532,11.738000889360322,2233,45.92196309914229,3.8269435015144,0.672535895271555,Alto,,104.507486428,7.908387159290043,75.0,1.542385684028514,0.4333303632105522,434.0,63562.0,6.073044534100405,11.059771086486624,1307.1615846429386,7.175613336160865,41922.0,862.1319019445782,10.643566027780505,6.759408277454748,5.598421958998375,3.8269435015144,18.25615378215989,1.6094379124341005,0,4.024229408964285
16,Michoacan,2022,1850.0,37.74350169111289,3.6308133202443633,6,1.791759469228055,0,11,2.3978952727983707,1,1,0.0,1,MORENA,Alfredo Ramírez Bedolla,243.0,5.493061443340548,68.0,4.219507705176107,0.279835390946502,12.0,91000414.16336316,18.32637461571652,101429076.0,4901506,133020.34109516544,11.798257336074828,1969,40.17132693502773,3.693153480811119,0.672535895271555,Alto,,111.460015795,7.52294091807237,1573.0,32.09217738384896,3.46861230523027,316.0,42097.0,5.755742213586912,10.647731758224072,858.8584814544754,6.755604160396066,33846.0,690.5224639121119,10.429576102968031,6.537448505140024,5.493061443340548,3.693153480811119,18.32637461571652,1.791759469228055,1,3.6308133202443633
16,Michoacan,2023,1962.0,39.63155180552826,3.67962556377935,11,2.3978952727983707,0,16,2.772588722239781,1,1,0.0,1,MORENA,Alfredo Ramírez Bedolla,193.0,5.262690188904886,45.0,3.80666248977032,0.233160621761658,12.0,89821413.54521966,18.31333396303309,104779927.0,4950601,137155.0646073073,11.82886742318892,1438,29.04697833656964,3.368914461935033,0.672535895271555,Alto,,116.653616175,7.581719640125308,1496.0,30.21855326252308,3.408456082188464,302.0,22024.0,5.71042701737487,9.999888046822443,444.8752787792836,6.097793970476485,15052.0,304.04389285260515,9.619266151713328,5.71717207536737,5.262690188904886,3.368914461935033,18.31333396303309,2.3978952727983707,1,3.67962556377935
16,Michoacan,2024,1350.0,27.00727035718015,3.296106102245153,16,2.772588722239781,0,18,2.8903717578961645,1,1,0.0,1,MORENA,Alfredo Ramírez Bedolla,198.0,5.288267030694535,54.0,3.9889840465642745,0.2727272727272727,13.0,88911562.40144978,18.30315275278568,108805145.0,4998654,,,1246,24.92671027040479,3.2159399301600766,0.672535895271555,Alto,11.0,122.374573184,7.2078598714324755,1070.0,21.40576243124649,3.0636601582686303,472.0,48873.0,6.156978985585555,10.79698037573428,977.7232030862708,6.885226606546957,38602.0,772.2478891317543,10.561059367582153,6.6493055983948315,5.288267030694535,3.2159399301600766,18.30315275278568,2.772588722239781,1,3.296106102245153
17,Morelos,2019,534.0,26.795109240248262,3.2882193798277832,6,1.791759469228055,0,6,1.791759469228055,0,0,,1,MORENA,Cuauhtémoc Blanco Bravo,53.0,3.970291913552122,15.0,2.70805020110221,0.2830188679245283,,24055545.391068462,16.99587610552832,23000000.0,1992901,123939.92476294607,11.727552249471747,911,45.712255651434766,3.822366438127547,0.7284454151227572,Medio,4.0,95.612049638,6.280395838960195,534.0,26.795109240248262,3.2882193798277832,834.0,,6.726233402358747,,,,,,,,3.970291913552122,3.822366438127547,16.99587610552832,1.791759469228055,1,3.2882193798277832
17,Morelos,2020,471.0,23.51761624243417,3.157749767657501,6,1.791759469228055,0,5,1.6094379124341005,0,0,,1,MORENA,Cuauhtémoc Blanco Bravo,53.0,3.970291913552122,15.0,2.70805020110221,0.2830188679245283,9.0,23000000.0,16.951004773893423,23000000.0,2002754,112844.61296794316,11.633767044889552,802,40.04485823021699,3.690000281507598,0.728937575410295,Medio,,100.0,6.154858094016418,1569.0,78.34212289677114,4.361085426374117,10.0,16492.0,2.302585092994046,9.71063069382679,823.4660871979286,6.713522367467874,11064.0,552.4392910961606,9.311451873344595,6.314343546985678,3.970291913552122,3.690000281507598,16.951004773893423,1.791759469228055,1,3.157749767657501
17,Morelos,2021,349.0,17.378106772283065,2.855211182504657,5,1.6094379124341005,0,5,1.6094379124341005,0,0,,1,MORENA,Cuauhtémoc Blanco Bravo,50.0,3.912023005428146,20.0,2.995732273553991,0.4,9.0,15118534.126151184,16.531431974687145,15800000.0,2008274,122493.24544359982,11.715811168210776,1035,51.536792290295054,3.942295966001699,0.728937575410295,Medio,,104.507486428,5.855071922202427,1984.0,98.7913003902854,4.593009548147048,667.0,31726.0,6.502790045915623,10.3648918129684,1579.764514204735,7.365031073270631,16318.0,812.5385281092123,9.700024071988745,6.700163332290975,3.912023005428146,3.942295966001699,16.531431974687145,1.6094379124341005,1,2.855211182504657
17,Morelos,2022,287.0,14.228502814467266,2.655247193247216,5,1.6094379124341005,0,9,2.19722457733622,0,0,,1,MORENA,Cuauhtémoc Blanco Bravo,52.0,3.951243718581428,15.0,2.70805020110221,0.2884615384615384,6.0,26423739.30232404,17.089773380061164,29451904.0,2017078,128899.32863280448,11.766786980479305,1041,51.60930811798056,3.943702046102562,0.728937575410295,Medio,,111.460015795,5.659482215759621,287.0,14.228502814467266,2.655247193247216,524.0,37488.0,6.261491684321042,10.531776160747578,1858.5300122256056,7.527541138235171,18557.0,919.9941697842125,9.828602355344339,6.824367332831932,3.951243718581428,3.943702046102562,17.089773380061164,1.6094379124341005,1,2.655247193247216
17,Morelos,2023,321.0,15.806135045451256,2.760398158682211,9,2.19722457733622,1,12,2.4849066497880004,0,0,,1,MORENA,Cuauhtémoc Blanco Bravo,52.0,3.951243718581428,15.0,2.70805020110221,0.2884615384615384,6.0,29450467.226375293,17.198220333008187,34355035.0,2030857,130979.1876040509,11.782793716310076,1302,64.1108655114565,4.160613858320709,0.728937575410295,Medio,,116.653616175,5.771441123130016,1324.0,65.19415202547496,4.177369772049149,659.0,37872.0,6.490723534502507,10.541967331753764,1864.8284935866973,7.53092436730596,17548.0,864.0687158180019,9.772695262286105,6.7616522978383,3.951243718581428,4.160613858320709,17.198220333008187,2.19722457733622,1,2.760398158682211
17,Morelos,2024,295.0,14.433304434106828,2.669538344082452,12,2.4849066497880004,1,14,2.6390573296152584,0,0,,1,MORENA,Lucy Meza,54.0,3.9889840465642745,17.0,2.833213344056216,0.3148148148148148,8.0,29897452.59008069,17.213283837075224,36586880.0,2043884,,,1323,64.72970090279097,4.170220151857588,0.728937575410295,Medio,4.0,122.374573184,5.68697535633982,295.0,14.433304434106828,2.669538344082452,625.0,33234.0,6.437751649736401,10.41132872726116,1626.021829027479,7.393891715003791,15132.0,740.355127786117,9.624566985752919,6.607129973495552,3.9889840465642745,4.170220151857588,17.213283837075224,2.4849066497880004,1,2.669538344082452
18,Nayarit,2019,534.0,43.03297018556558,3.761966570393626,3,1.0986122886681098,0,3,1.0986122886681098,0,0,,0,PAN,Antonio Echevarría García,45.0,3.80666248977032,12.0,2.4849066497880004,0.2666666666666666,,18736419.80046013,16.745979770656376,17914275.0,1240909,120073.26886983655,11.695857409355074,168,13.538462530290296,2.605534710836691,0.6422081725649325,Alto,1.0,95.612049638,6.280395838960195,534.0,43.03297018556558,3.761966570393626,121.0,,4.795790545596741,,,,,,,,3.80666248977032,2.605534710836691,16.745979770656376,1.0986122886681098,0,3.761966570393626
18,Nayarit,2020,355.0,28.339014440923133,3.344239457402468,3,1.0986122886681098,0,2,0.6931471805599453,0,0,,0,PAN,Antonio Echevarría García,48.0,3.871201010907891,13.0,2.5649493574615367,0.2708333333333333,1.0,17914275.0,16.70110843902148,17914275.0,1252690,105373.2367944184,11.565263962489606,159,12.692685341145856,2.5410258701472834,0.644396923235917,Alto,,100.0,5.872117789475416,538.0,42.94757681469478,3.759980228088837,198.0,14717.0,5.288267030694535,9.596758567164112,1174.8317620480725,7.068880235091164,12228.0,976.1393481228396,9.411483683010726,6.883605350937777,3.871201010907891,2.5410258701472834,16.70110843902148,1.0986122886681098,0,3.344239457402468
18,Nayarit,2021,398.0,31.464141945970216,3.4488485464964684,2,0.6931471805599453,0,3,1.0986122886681098,0,0,,0,PAN,Antonio Echevarría García,47.0,3.8501476017100575,14.0,2.6390573296152584,0.2978723404255319,1.0,17141618.85650361,16.657019915711427,17914275.0,1264932,117792.89321481311,11.676683219133674,201,15.89018223904526,2.7657014492711065,0.644396923235917,Alto,,104.507486428,5.986452005284438,564.0,44.58737702896282,3.7974507927100896,56.0,150345.0,4.02535169073515,11.920687932127075,11885.619147906764,9.383084473339109,144357.0,11412.23401732267,11.880044677160905,9.342441218372937,3.8501476017100575,2.7657014492711065,16.657019915711427,0.6931471805599453,0,3.4488485464964684
18,Nayarit,2022,415.0,32.45724832923381,3.4799237873666704,3,1.0986122886681098,0,4,1.3862943611198906,0,0,,1,MORENA,Miguel Ángel Navarro Quintero,38.0,3.6375861597263857,15.0,2.70805020110221,0.3947368421052631,1.0,18186946.10386853,16.716214647662113,20271173.0,1278605,127482.68620879788,11.755735839918916,150,11.73153554068692,2.462280561232228,0.644396923235917,Alto,,111.460015795,6.028278520230698,415.0,32.45724832923381,3.4799237873666704,106.0,155641.0,4.663439094112067,11.955307352161377,12172.719487253687,9.406952619297348,146374.0,11447.94522155005,11.893920269108962,9.345565536244933,3.6375861597263857,2.462280561232228,16.716214647662113,1.0986122886681098,1,3.4799237873666704
18,Nayarit,2023,412.0,31.836207349527555,3.460604237974521,4,1.3862943611198906,0,4,1.3862943611198906,0,0,,1,MORENA,Miguel Ángel Navarro Quintero,39.0,3.6635616461296463,19.0,2.9444389791664403,0.4871794871794871,2.0,18618879.304536056,16.73968664027553,21719596.0,1294124,125953.9271352668,11.74367146140794,120,9.27268175228958,2.227072631407041,0.644396923235917,Alto,,116.653616175,6.021023349349527,1320.0,101.9994992751854,4.624967904205412,195.0,14928.0,5.272999558563747,9.610993923087126,1153.5216099848235,7.05057481171212,13887.0,1073.0810957837116,9.53870842969938,6.978289318324375,3.6635616461296463,2.227072631407041,16.73968664027553,1.3862943611198906,1,3.460604237974521
18,Nayarit,2024,368.0,28.103788512881923,3.335904389774449,4,1.3862943611198906,0,5,1.6094379124341005,0,0,,1,MORENA,Miguel Ángel Navarro Quintero,31.0,3.4339872044851463,14.0,2.6390573296152584,0.4516129032258064,2.0,18040780.38891704,16.708145330472266,22077328.0,1309432,,,144,10.997134635475534,2.397634751181519,0.644396923235917,Alto,1.0,122.374573184,5.908082938168931,368.0,28.103788512881923,3.335904389774449,190.0,13112.0,5.247024072160486,9.481283120423663,1001.3502037524668,6.909104572029183,10820.0,826.3124774711478,9.289151552400472,6.7169730040059905,3.4339872044851463,2.397634751181519,16.708145330472266,1.3862943611198906,1,3.335904389774449
19,Nuevo Leon,2019,9832.0,169.73957095181396,5.134265326859616,34,3.5263605246161616,1,34,3.5263605246161616,0,0,,0,IND,Jaime Rodríguez Calderón,104.0,4.6443908991413725,24.0,3.1780538303479458,0.2307692307692307,,73213015.969254,18.108883776912165,70000465.17,5792403,309198.0996487986,12.64173744965064,889,15.347689033376994,2.730964911127649,0.863603564558148,Muy bajo,2.0,95.612049638,9.19339765124587,1262.0,21.78715811037319,3.0813207187149034,1092.0,,6.9957661563048505,,,,,,,,4.6443908991413725,2.730964911127649,18.108883776912165,3.5263605246161616,0,5.134265326859616
19,Nuevo Leon,2020,6722.0,113.81701671071532,4.734592042242082,34,3.5263605246161616,1,33,3.49650756146648,0,0,,0,IND,Jaime Rodríguez Calderón,106.0,4.663439094112067,25.0,3.218875824868201,0.2358490566037736,3.0,75000465.6,18.13300487948132,75000465.6,5905971,283949.921189928,12.55655316775642,847,14.341418202019616,2.6631517286090847,0.862496118842598,Muy bajo,,100.0,8.81314100828505,4017.0,68.0159113547967,4.2197416683163125,1108.0,88770.0,7.010311867307229,11.393804034062365,1503.0551284454325,7.315255068019395,76768.0,1299.837063202647,11.248543165639422,7.169994199596451,4.663439094112067,2.6631517286090847,18.13300487948132,3.5263605246161616,0,4.734592042242082
19,Nuevo Leon,2021,8046.0,134.16918657721163,4.89910158995608,33,3.49650756146648,2,36,3.58351893845611,0,0,,0,IND,Jaime Rodríguez Calderón,108.0,4.68213122712422,22.0,3.091042453358316,0.2037037037037037,3.0,68082854.83836572,18.03623597493372,71151680.28,5996906,305157.359478371,12.628582855257996,1003,16.725291341901972,2.816922025408282,0.862496118842598,Muy bajo,,104.507486428,8.992930352509733,6447.0,107.50543697033105,4.677541422756967,784.0,54376.0,6.664409020350408,10.903678159026477,906.7342392893936,6.809849396472821,48422.0,807.4497082328788,10.787709534884778,6.693880772331124,4.68213122712422,2.816922025408282,18.03623597493372,3.49650756146648,0,4.89910158995608
19,Nuevo Leon,2022,8625.0,141.4978726922722,4.952284682993406,36,3.58351893845611,2,48,3.871201010907891,0,0,,0,MC,Samuel García Sepúlveda,119.0,4.77912349311153,24.0,3.1780538303479458,0.2016806722689075,3.0,83143608.35049978,18.23607989174305,92671879.0,6095498,316463.0683169776,12.664961825975755,1328,21.78657100699565,3.081293771130225,0.862496118842598,Muy bajo,,111.460015795,9.06242024189956,1092.0,17.914861099125943,2.885630597398696,489.0,29072.0,6.192362489474872,10.277530790635952,476.9421628880856,6.167395231729798,18634.0,305.70102721713636,9.83274314801037,5.722607589104216,4.77912349311153,3.081293771130225,18.23607989174305,3.58351893845611,0,4.952284682993406
19,Nuevo Leon,2023,12146.0,195.8352204468352,5.27727359362804,48,3.871201010907891,2,66,4.189654742026425,0,0,,0,MC,Samuel García Sepúlveda,124.0,4.820281565605037,24.0,3.1780538303479458,0.1935483870967742,3.0,125753825.5650222,18.64983678846963,146696385.0,6202153,321662.4936534136,12.681258118470666,1338,21.57315370968759,3.071449657858693,0.862496118842598,Muy bajo,,116.653616175,9.40475517645752,9880.0,159.29952066645242,5.070786207912433,500.0,37217.0,6.214608098422191,10.524520925120765,600.0658158545912,6.397039342291285,17146.0,276.45238677601145,9.749520189238702,5.6220386064092205,4.820281565605037,3.071449657858693,18.64983678846963,3.871201010907891,0,5.27727359362804
19,Nuevo Leon,2024,11407.0,180.82815713328003,5.197547172189066,66,4.189654742026425,2,89,4.48863636973214,0,0,,0,MC,Samuel García Sepúlveda,119.0,4.77912349311153,24.0,3.1780538303479458,0.2016806722689075,4.0,102422247.31729446,18.444614505930325,125338788.0,6308199,,,1539,24.39682070904865,3.1944528250000475,0.862496118842598,Muy bajo,5.0,122.374573184,9.341982481027898,1707.0,27.06002141023136,3.298057413955609,1120.0,45895.0,7.02108396428914,10.734111457653192,727.5452153617855,6.58967614881436,35884.0,568.8469878645236,10.488046792679175,6.343611483840342,4.77912349311153,3.1944528250000475,18.444614505930325,4.189654742026425,0,5.197547172189066
20,Oaxaca,2019,12525.0,299.6246618009057,5.702530564012671,15,2.70805020110221,0,16,2.772588722239781,7,1,1.9459101490553128,0,PRI,Alejandro Murat Hinojosa,155.0,5.043425116919247,66.0,4.189654742026425,0.4258064516129032,,42467747.688427605,17.564255467881686,40604284.0,4180230,89468.76128825448,11.40164480745032,1011,24.185272102252743,3.185743857080076,0.4730106338970924,Muy alto,16.0,95.612049638,9.435481925953065,2973.0,71.1204885855563,4.264375461057703,266.0,,5.583496308781699,,,,,,,,5.043425116919247,3.185743857080076,17.564255467881686,2.70805020110221,0,5.702530564012671
20,Oaxaca,2020,9590.0,228.0919360343636,5.429748775900682,16,2.772588722239781,0,12,2.4849066497880004,7,1,1.9459101490553128,0,PRI,Alejandro Murat Hinojosa,160.0,5.075173815233827,77.0,4.343805421853684,0.48125,29.0,40604284.0,17.51938413624679,40604284.0,4204445,82293.85804785174,11.318051755057104,809,19.24154079789366,2.95707152508169,0.486220230605633,Muy alto,,100.0,9.168476167877484,5977.0,142.15907212485834,4.956946656847452,382.0,16972.0,5.945420608606575,9.739320206322216,403.6680227711386,6.0005928143454135,12162.0,289.26528947340256,9.406071615680055,5.667344223703253,5.075173815233827,2.95707152508169,17.51938413624679,2.772588722239781,0,5.429748775900682
20,Oaxaca,2021,2679.0,63.463290549110255,4.150461637144679,12,2.4849066497880004,0,13,2.5649493574615367,7,1,1.9459101490553128,0,PRI,Alejandro Murat Hinojosa,158.0,5.062595033026967,68.0,4.219507705176107,0.430379746835443,28.0,38852990.71657814,17.475295612936737,40604284.0,4221338,91677.09385033844,11.426027832606035,736,17.435230251640593,2.8584928863289463,0.486220230605633,Muy alto,,104.507486428,7.893198869544609,5736.0,135.88108793941635,4.911780149879527,260.0,7476.0,5.560681631015528,8.919453168575453,177.10024641476232,5.176715936175524,5070.0,120.10409969540463,8.531096096585228,4.788358864185299,5.062595033026967,2.8584928863289463,17.475295612936737,2.4849066497880004,0,4.150461637144679
20,Oaxaca,2022,2729.0,64.29439434869002,4.163472447796085,13,2.5649493574615367,0,25,3.218875824868201,7,1,1.9459101490553128,1,MORENA,Salomón Jara Cruz,158.0,5.062595033026967,74.0,4.30406509320417,0.4683544303797468,28.0,36429461.9109694,17.41088839838347,40604284.0,4244538,98008.31091628816,11.492807559325191,826,19.460304042512988,2.968376700608724,0.486220230605633,Muy alto,,111.460015795,7.911690520708339,2387.0,56.23698032624516,4.029574553426576,278.0,6111.0,5.627621113690637,8.717845704894916,143.97326634842238,4.969627631982662,4160.0,98.00831091628817,8.333270353255308,4.585052280343055,5.062595033026967,2.968376700608724,17.41088839838347,2.5649493574615367,1,4.163472447796085
20,Oaxaca,2023,2700.0,63.131770736273104,4.145224141032153,25,3.218875824868201,0,39,3.6635616461296463,7,1,1.9459101490553128,1,MORENA,Salomón Jara Cruz,130.0,4.867534450455582,65.0,4.174387269895637,0.5,16.0,35708827.866518565,17.3909084953556,41655639.0,4276769,104518.1537744966,11.557116055629484,852,19.921580987890625,2.9918036158690486,0.486220230605633,Muy alto,,116.653616175,7.90100705199242,7696.0,179.9489287356881,5.192673081385276,278.0,6111.0,5.627621113690637,8.717845704894916,142.8882410997648,4.962062793934648,4160.0,97.26969120848005,8.333270353255308,4.577487442295042,4.867534450455582,2.9918036158690486,17.3909084953556,3.218875824868201,1,4.145224141032153
20,Oaxaca,2024,2531.0,58.743756299983545,4.07318487163164,39,3.6635616461296463,0,46,3.828641396489095,7,1,1.9459101490553128,1,MORENA,Salomón Jara Cruz,113.0,4.727387818712341,58.0,4.060443010546419,0.5132743362831859,16.0,38533853.702678666,17.467047729838033,47155639.0,4308543,,,877,20.354908840413103,3.0133221034586994,0.486220230605633,Muy alto,12.0,122.374573184,7.836369760545124,2309.0,53.59120240879574,3.981384920441012,158.0,6946.0,5.062595033026967,8.845921233304018,161.2145915684258,5.082736344390535,5678.0,131.78468916290265,8.644354337032917,4.881169448119433,4.727387818712341,3.0133221034586994,17.467047729838033,3.6635616461296463,1,4.07318487163164
21,Puebla,2019,7876.0,118.66623133617183,4.7763147736617855,21,3.044522437723423,1,22,3.091042453358316,2,1,0.6931471805599453,1,MORENA,Miguel Barbosa Huerta,61.0,4.110873864173311,24.0,3.1780538303479458,0.3934426229508196,,23209508.72198475,16.96007261137364,22191087.0,6637103,115562.46754043142,11.657566507246209,1109,16.709097327553906,2.815953321253137,0.6429298339660816,Alto,6.0,95.612049638,8.971575439759016,1710.0,25.76425286755381,3.248987983399476,1299.0,,7.1693500166706,,,,,,,,4.110873864173311,2.815953321253137,16.96007261137364,3.044522437723423,1,4.7763147736617855
21,Puebla,2020,5997.0,89.43782132628967,4.49354365005699,22,3.091042453358316,1,21,3.044522437723423,2,1,0.6931471805599453,1,MORENA,Miguel Barbosa Huerta,70.0,4.248495242049359,21.0,3.044522437723423,0.3,3.0,23270762.0,16.96270828076726,23270762.0,6705217,104247.18543784638,11.554520141098472,872,13.004799098970247,2.56531845079746,0.65196226755062,Alto,,100.0,8.69901462316851,5997.0,89.43782132628967,4.49354365005699,972.0,188140.0,6.879355804460439,12.144941645525943,2805.874888165439,7.939470672414423,159884.0,2384.471673325412,11.982203831276369,7.776732858164849,4.248495242049359,2.56531845079746,16.96270828076726,3.091042453358316,1,4.49354365005699
21,Puebla,2021,5775.0,85.44605801454432,4.447885276426615,21,3.044522437723423,1,21,3.044522437723423,2,1,0.6931471805599453,1,MORENA,Miguel Barbosa Huerta,72.0,4.276666119016055,22.0,3.091042453358316,0.3055555555555556,3.0,33710503.62432318,17.33332002700737,35230000.0,6758650,115259.70423087451,11.654943158883553,797,11.7922957987172,2.467446419826836,0.65196226755062,Alto,,104.507486428,8.661293535389994,5775.0,85.44605801454432,4.447885276426615,589.0,211162.0,6.3784261836515865,12.26038089038351,3124.322164929387,8.046972631420132,181921.0,2691.67659221886,12.111327805890978,7.8979195469276,4.276666119016055,2.467446419826836,17.33332002700737,3.044522437723423,1,4.447885276426615
21,Puebla,2022,9031.0,132.32651284985536,4.885272450513424,21,3.044522437723423,1,31,3.4339872044851463,2,1,0.6931471805599453,1,MORENA,Miguel Barbosa Huerta,80.0,4.382026634673881,34.0,3.5263605246161616,0.425,4.0,39899063.07010855,17.50186339963222,44471502.0,6824785,121029.45367509744,11.703789213759787,914,13.39236327591272,2.5946846397167755,0.65196226755062,Alto,,111.460015795,9.108418382250798,9031.0,132.32651284985536,4.885272450513424,510.0,197243.0,6.234410725718371,12.192191750118964,2890.0983693991825,7.969045818381591,170851.0,2503.390216688145,12.048547110613812,7.825401178876438,4.382026634673881,2.5946846397167755,17.50186339963222,3.044522437723423,1,4.885272450513424
21,Puebla,2023,8378.0,121.28984175135696,4.798183067606911,31,3.4339872044851463,0,44,3.784189633918261,2,1,0.6931471805599453,1,MORENA,Miguel Barbosa Huerta,104.0,4.6443908991413725,36.0,3.58351893845611,0.3461538461538461,4.0,48683722.68443311,17.700855295724086,56791323.0,6907421,123490.37361411734,11.723918485567792,852,12.3345601781041,2.5124050929292467,0.65196226755062,Alto,,116.653616175,9.03336450150698,8440.0,122.18742711643029,4.805556153689934,791.0,229648.0,6.673297967767654,12.34430298081116,3324.656192231514,8.109121546911092,200506.0,2902.7621162804467,12.208599450468045,7.973418016567975,4.6443908991413725,2.5124050929292467,17.700855295724086,3.4339872044851463,1,4.798183067606911
21,Puebla,2024,9502.0,135.94868344959983,4.912277486953617,44,3.784189633918261,0,43,3.7612001156935615,2,1,0.6931471805599453,1,MORENA,Alejandro Armenta Mier,100.0,4.605170185988092,34.0,3.5263605246161616,0.34,4.0,45768813.359443046,17.639113486129066,56009390.0,6989402,,,880,12.590490574157846,2.532941812679004,0.65196226755062,Alto,6.0,122.374573184,9.159257581746866,9502.0,135.94868344959983,4.912277486953617,793.0,204587.0,6.675823221634848,12.228748591869074,2927.103062608217,7.981768497075826,174981.0,2503.5188990417205,12.072432675582775,7.825452580789526,4.605170185988092,2.532941812679004,17.639113486129066,3.784189633918261,1,4.912277486953617
22,Queretaro,2019,781.0,33.02821353733858,3.4973621518769784,13,2.5649493574615367,0,13,2.5649493574615367,1,1,0.0,0,PAN,Francisco Domínguez Servién,63.0,4.143134726391533,23.0,3.1354942159291497,0.365079365079365,,34243521.73597527,17.34900795838719,32740933.0,2364645,227518.29555810703,12.33498593417526,176,7.4429776985551745,2.0072709970754445,0.7605834828289798,Bajo,3.0,95.612049638,6.660575149839686,761.0,32.18242061704822,3.4714203598989783,978.0,,6.885509670034818,,,,,,,,4.143134726391533,2.0072709970754445,17.34900795838719,2.5649493574615367,0,3.4973621518769784
22,Queretaro,2020,533.0,22.02644082057377,3.0922435871887988,13,2.5649493574615367,0,12,2.4849066497880004,1,1,0.0,0,PAN,Francisco Domínguez Servién,63.0,4.143134726391533,25.0,3.218875824868201,0.3968253968253968,1.0,33961189.0,17.340728930573086,33961189.0,2419819,204147.5002882447,12.22659805218706,182,7.521223694830067,2.017728850099749,0.76661890814897,Bajo,,100.0,6.278521424165844,3150.0,130.1750254874435,4.868879894842633,408.0,63742.0,6.0112671744041615,11.06259896495004,2634.1639601970232,7.876321127972995,57059.0,2357.9862791390597,10.951841099202072,7.765563262225026,4.143134726391533,2.017728850099749,17.340728930573086,2.5649493574615367,0,3.0922435871887988
22,Queretaro,2021,406.0,16.486077791547757,2.802516254522858,12,2.4849066497880004,0,13,2.5649493574615367,1,1,0.0,0,PAN,Francisco Domínguez Servién,63.0,4.143134726391533,26.0,3.258096538021482,0.4126984126984127,1.0,33634170.336894095,17.331053082477712,35150226.0,2462684,226175.99334709608,12.329068706824591,185,7.512129042946639,2.0165189199994504,0.76661890814897,Bajo,,104.507486428,6.0063531596017325,3500.0,142.12136027196345,4.956681342398631,155.0,17355.0,5.043425116919247,9.761635928295886,704.7189164342644,6.5577990232170125,16233.0,659.1588689413664,9.694801486310846,6.490964581231971,4.143134726391533,2.0165189199994504,17.331053082477712,2.4849066497880004,0,2.802516254522858
22,Queretaro,2022,426.0,16.984196723246104,2.83228330719104,13,2.5649493574615367,0,20,2.995732273553991,1,1,0.0,0,PAN,Mauricio Kuri González,64.0,4.158883083359672,29.0,3.367295829986474,0.453125,1.0,32562978.51846182,17.29868657275451,36294701.0,2508214,234828.44765239328,12.36661051654944,166,6.618255061171017,1.8898317492782128,0.76661890814897,Bajo,,111.460015795,6.054439346269371,426.0,16.984196723246104,2.83228330719104,383.0,44785.0,5.948034989180646,10.709628540909296,1785.5334512924337,7.487472501830965,41019.0,1635.386773217915,10.621790652977191,7.3996346138988605,4.158883083359672,1.8898317492782128,17.29868657275451,2.5649493574615367,0,2.83228330719104
22,Queretaro,2023,310.0,12.11924555741688,2.4947947309658165,20,2.995732273553991,0,23,3.1354942159291497,1,1,0.0,0,PAN,Mauricio Kuri González,63.0,4.143134726391533,28.0,3.332204510175204,0.4444444444444444,1.0,38855640.73041905,17.475363816784693,45326510.0,2557915,240039.2507178698,12.38855773360995,179,6.997886950895553,1.94560823932738,0.76661890814897,Bajo,,116.653616175,5.736572297479192,2749.0,107.47034205593228,4.677214921651871,844.0,54231.0,6.738152494595957,10.901007979642964,2120.1251800783057,7.659230413129588,40842.0,1596.69105501942,10.617466242676006,7.375688676162631,4.143134726391533,1.94560823932738,17.475363816784693,2.995732273553991,0,2.4947947309658165
22,Queretaro,2024,308.0,11.815714747162886,2.469430403702306,23,3.1354942159291497,0,29,3.367295829986474,1,1,0.0,0,PAN,Mauricio Kuri González,61.0,4.110873864173311,28.0,3.332204510175204,0.4590163934426229,1.0,41688312.91717234,17.545731381711995,51015895.0,2606698,,,174,6.675111577942669,1.8983859199432604,0.76661890814897,Bajo,3.0,122.374573184,5.730099782973574,291.0,11.163548673455844,2.412653887900224,1191.0,44449.0,7.0825485693553,10.702097743501133,1705.1841064826076,7.441428364229865,39036.0,1497.5267560722416,10.572239576261351,7.3115701969900835,4.110873864173311,1.8983859199432604,17.545731381711995,3.1354942159291497,0,2.469430403702306
23,Quintana Roo,2019,1937.0,105.1877033022531,4.655746404709733,12,2.4849066497880004,0,12,2.4849066497880004,0,0,,0,PRD-PRI,Carlos Manuel Joaquín González,134.0,4.897839799950911,42.0,3.737669618283368,0.3134328358208955,,70703444.02818103,18.074004842950234,67601012.0,1841470,163456.3690964284,12.004301378027796,685,37.19854246878852,3.616269579564962,0.7536967785127712,Medio,12.0,95.612049638,7.5688956634069955,1937.0,105.1877033022531,4.655746404709733,2059.0,,7.629975707027789,,,,,,,,4.897839799950911,3.616269579564962,18.074004842950234,2.4849066497880004,0,4.655746404709733
23,Quintana Roo,2020,1587.0,83.60371522899358,4.426087959641405,12,2.4849066497880004,0,15,2.70805020110221,0,0,,0,PRD-PRI,Carlos Manuel Joaquín González,138.0,4.927253685157205,44.0,3.784189633918261,0.3188405797101449,3.0,101464857.0,18.435223060039235,101464857.0,1898241,101146.27173261985,11.52432298311896,581,30.60728326908965,3.421237995966908,0.75891792257944,Medio,,100.0,7.369600720526409,3748.0,197.44595127805164,5.285464882473309,2487.0,86010.0,7.818832443803404,11.362218847545526,4531.036891522204,8.41870608666052,74874.0,3944.3885154730087,11.223561979735909,8.280049218850905,4.927253685157205,3.421237995966908,18.435223060039235,2.4849066497880004,0,4.426087959641405
23,Quintana Roo,2021,1555.0,80.29067807155732,4.385653525441257,15,2.70805020110221,1,19,2.9444389791664403,0,0,,0,PRD-PRI,Carlos Manuel Joaquín González,142.0,4.955827057601261,43.0,3.7612001156935615,0.3028169014084507,11.0,63840701.59027822,17.971901500868093,66718312.55,1936713,129601.0301991054,11.772216011935887,585,30.20581779540903,3.408034548059779,0.75891792257944,Medio,,104.507486428,7.349230824613334,4112.0,212.3185004696101,5.358087507962924,747.0,27972.0,6.616065185132817,10.238959288823756,1444.3027955097116,7.27538198965168,15531.0,801.9257370606796,9.65059330557001,6.687016006397934,4.955827057601261,3.408034548059779,17.971901500868093,2.70805020110221,0,4.385653525441257
23,Quintana Roo,2022,1768.0,89.4211447626167,4.493357172810857,19,2.9444389791664403,1,27,3.295836866004329,0,0,,1,MORENA,Mara Lezama Espinosa,142.0,4.955827057601261,43.0,3.7612001156935615,0.3028169014084507,11.0,58910723.75296176,17.891533699162714,65661902.0,1977161,180561.9269245145,12.10382908336909,562,28.42459465870509,3.34725477950696,0.75891792257944,Medio,,111.460015795,7.477604243197589,1768.0,89.4211447626167,4.493357172810857,762.0,26297.0,6.635946555686647,10.177210143218492,1330.0383732027892,7.19296307283176,9018.0,456.10853137402574,9.106977858981029,6.122730788594298,4.955827057601261,3.34725477950696,17.891533699162714,2.9444389791664403,1,4.493357172810857
23,Quintana Roo,2023,1800.0,89.12629493079343,4.490054408006676,27,3.295836866004329,1,29,3.367295829986474,0,0,,1,MORENA,Mara Lezama Espinosa,142.0,4.955827057601261,43.0,3.7612001156935615,0.3028169014084507,11.0,55737821.19403724,17.836169490521353,65020184.0,2019606,200039.0175113364,12.206267714059752,629,31.144688617482817,3.4386437208228604,0.75891792257944,Medio,,116.653616175,7.495541943884256,3901.0,193.1564869583473,5.263500673629077,1083.0,43923.0,6.987490247000991,10.690193379861592,2174.8301401362446,7.684705843984012,22255.0,1101.947607602671,10.010321981449955,7.004834445572374,4.955827057601261,3.4386437208228604,17.836169490521353,3.295836866004329,1,4.490054408006676
23,Quintana Roo,2024,1663.0,80.6838575519945,4.390538524932527,29,3.367295829986474,1,33,3.49650756146648,0,0,,1,MORENA,Mara Lezama Espinosa,135.0,4.90527477843843,37.0,3.610917912644224,0.2740740740740741,11.0,59104525.65276585,17.89481805563345,72328911.0,2061131,,,569,27.606202614001727,3.31804047986593,0.75891792257944,Medio,12.0,122.374573184,7.416378479192928,1190.0,57.73529193437973,4.055868631845175,1080.0,50474.0,6.984716320118266,10.829213631196769,2448.849684954522,7.803373676936367,22142.0,1074.2645663958283,10.005231536419412,6.979391582159011,4.90527477843843,3.31804047986593,17.89481805563345,3.367295829986474,1,4.390538524932527
24,San Luis Potosi,2019,6023.0,210.9088515184877,5.351426056819688,7,1.9459101490553128,0,8,2.079441541679836,1,1,0.0,0,PRI,Juan Manuel Carreras López,94.0,4.543294782270004,35.0,3.555348061489413,0.3723404255319149,,40911859.06807869,17.52693053174961,39116667.0,2855736,168783.10880277448,12.03636978980275,453,15.862810848061589,2.763977429259001,0.6744919433903852,Medio,6.0,95.612049638,8.70334075304372,1339.0,46.88808769438072,3.8477636494671392,945.0,,6.851184927493743,,,,,,,,4.543294782270004,2.763977429259001,17.52693053174961,1.9459101490553128,0,5.351426056819688
24,San Luis Potosi,2020,3353.0,116.76022923031223,4.760122509244626,8,2.079441541679836,0,7,1.9459101490553128,1,1,0.0,0,PRI,Juan Manuel Carreras López,90.0,4.499809670330265,36.0,3.58351893845611,0.4,6.0,47445193.0,17.67508577124978,47445193.0,2871697,158094.67363722564,11.970949332795929,621,21.62484412526809,3.0738428447118764,0.687515622321159,Medio,,100.0,8.117610746466228,1879.0,65.4316942212218,4.181006762191863,932.0,108835.0,6.837332814685591,11.597588252848938,3789.919340376091,8.240100015627336,98985.0,3446.916579290921,11.502723602485633,8.14523536526403,4.499809670330265,3.0738428447118764,17.67508577124978,2.079441541679836,0,4.760122509244626
24,San Luis Potosi,2021,3222.0,111.65038114293677,4.715372392010181,7,1.9459101490553128,0,7,1.9459101490553128,1,1,0.0,0,PRI,Juan Manuel Carreras López,86.0,4.454347296253507,33.0,3.49650756146648,0.3837209302325581,4.0,43361616.367283285,17.58508519224411,45316135.34,2885794,170490.3399203131,12.046433916741751,614,21.276639981925253,3.057609756420404,0.687515622321159,Medio,,104.507486428,8.07775756373692,1710.0,59.25578887474297,4.081863477769967,863.0,154638.0,6.760414691083428,11.94884218053422,5358.594549714914,8.586457008807482,151908.0,5263.993202564008,11.931030353424829,8.56864518169809,4.454347296253507,3.057609756420404,17.58508519224411,1.9459101490553128,0,4.715372392010181
24,San Luis Potosi,2022,4104.0,141.23676464565713,4.950437664012613,7,1.9459101490553128,0,9,2.19722457733622,1,1,0.0,1,MORENA,Ricardo Gallardo Cardona,74.0,4.30406509320417,28.0,3.332204510175204,0.3783783783783784,4.0,41400703.80473608,17.53880843876544,46145231.0,2905759,183428.83907440363,12.119582073304034,547,18.82468573615362,2.9351690795839884,0.687515622321159,Medio,,111.460015795,8.319717386850606,983.0,33.829371258937854,3.5213293973091737,540.0,83945.0,6.29156913955832,11.3379171014705,2888.918179381016,7.968637378632505,79883.0,2749.126820221498,11.288318343159032,7.919038620321039,4.30406509320417,2.9351690795839884,17.53880843876544,1.9459101490553128,1,4.950437664012613
24,San Luis Potosi,2023,4527.0,154.44966517141287,5.039868251485341,9,2.19722457733622,1,14,2.6390573296152584,1,1,0.0,1,MORENA,Ricardo Gallardo Cardona,72.0,4.276666119016055,29.0,3.367295829986474,0.4027777777777778,4.0,38339094.377414405,17.46198067447375,44723940.0,2931052,196516.47258390504,12.188501536721455,433,14.772852886949805,2.6927912320518725,0.687515622321159,Medio,,116.653616175,8.417814747435958,2614.0,89.18299641220968,4.49069039823355,535.0,111410.0,6.282266746896006,11.620972369053362,3801.024342113343,8.243025873102745,100326.0,3422.8666021619542,11.516180162690723,8.138233666740106,4.276666119016055,2.6927912320518725,17.46198067447375,2.19722457733622,1,5.039868251485341
24,San Luis Potosi,2024,4100.0,138.70840819922316,4.932373946962997,14,2.6390573296152584,1,15,2.70805020110221,1,1,0.0,1,MORENA,Ricardo Gallardo Cardona,79.0,4.3694478524670215,30.0,3.4011973816621555,0.379746835443038,4.0,37387738.1628997,17.436853352021075,45753085.0,2955841,,,377,12.754407290513935,2.545876881718609,0.687515622321159,Medio,5.0,122.374573184,8.318742252692399,935.0,31.63228333323748,3.454178223559285,683.0,124523.0,6.52649485957079,11.732245716780582,4212.777344924845,8.34587741105118,114236.0,3864.754565621087,11.646021762954804,8.259653457225403,4.3694478524670215,2.545876881718609,17.436853352021075,2.6390573296152584,1,4.932373946962997
25,Sinaloa,2019,4993.0,162.82905786122257,5.092700925732384,6,1.791759469228055,0,6,1.791759469228055,1,1,0.0,0,PRI,Quirino Ordaz Coppel,71.0,4.262679877041316,37.0,3.610917912644224,0.5211267605633803,,36789481.3187019,17.420722528549987,35175177.14,3066406,159143.96201938036,11.977564493061104,822,26.80662638933005,3.2886491102879543,0.7486966486108669,Medio,5.0,95.612049638,8.51579221050061,1145.0,37.34013043282592,3.620068631220114,1465.0,,7.289610521451167,,,,,,,,4.262679877041316,3.2886491102879543,17.420722528549987,1.791759469228055,0,5.092700925732384
25,Sinaloa,2020,2752.0,89.3572350949242,4.492642213088481,6,1.791759469228055,0,8,2.079441541679836,1,1,0.0,0,PRI,Quirino Ordaz Coppel,69.0,4.23410650459726,34.0,3.5263605246161616,0.4927536231884058,5.0,381100671.0,19.75857412653527,381100671.0,3079773,150660.45452051173,11.922783938237684,700,22.728947880249617,3.123639349078652,0.754539652856884,Medio,,100.0,7.920083199053234,2298.0,74.61588889830517,4.312353472443948,1574.0,52881.0,7.361375428977347,10.875799385088063,1717.0421326506855,7.448358399123309,49285.0,1600.280280397289,10.805375054099539,7.3779340681347865,4.23410650459726,3.123639349078652,19.75857412653527,1.791759469228055,0,4.492642213088481
25,Sinaloa,2021,655.0,21.150025363885376,3.0516411047296472,8,2.079441541679836,0,8,2.079441541679836,1,1,0.0,0,PRI,Quirino Ordaz Coppel,80.0,4.382026634673881,36.0,3.58351893845611,0.45,5.0,32289901.39691928,17.290265089057428,33745364.32,3096923,156284.15688733623,11.95943114778721,556,17.953303973008047,2.887774163344978,0.754539652856884,Medio,,104.507486428,6.484635235635252,1829.0,59.05862044358223,4.0785305174852615,808.0,26627.0,6.694562058521095,10.18968101756145,859.7888936857648,6.756686886655845,24244.0,782.8415494992934,10.095924443071176,6.662930312165571,4.382026634673881,2.887774163344978,17.290265089057428,2.079441541679836,0,3.0516411047296472
25,Sinaloa,2022,2715.0,87.06192459763922,4.466619642445842,8,2.079441541679836,0,8,2.079441541679836,1,1,0.0,1,MORENA,Rubén Rocha Moya,79.0,4.3694478524670215,28.0,3.332204510175204,0.3544303797468354,9.0,34543896.952979974,17.35774144866662,38502633.0,3118470,165465.75724634196,12.016519547535552,435,13.949148139953246,2.635418441166491,0.754539652856884,Medio,,111.460015795,7.906547232368036,594.0,19.047802287660296,2.9469517294404515,1003.0,38304.0,6.910750787961936,10.5533096083577,1228.2946444891245,7.113382018435506,31667.0,1015.465917581378,10.363030408174957,6.923102818252763,4.3694478524670215,2.635418441166491,17.35774144866662,2.079441541679836,1,4.466619642445842
25,Sinaloa,2023,3256.0,103.60521322595642,4.640587649273203,8,2.079441541679836,0,12,2.4849066497880004,1,1,0.0,1,MORENA,Rubén Rocha Moya,79.0,4.3694478524670215,28.0,3.332204510175204,0.3544303797468354,5.0,35415542.4877895,17.38266133507568,41313511.0,3142699,164826.47558674886,12.012648536386438,492,15.655333202447958,2.7508116386430803,0.754539652856884,Medio,,116.653616175,8.08825472712243,2387.0,75.95382185821805,4.330125548489602,1889.0,50968.0,7.543802867501509,10.838953263796324,1621.7906964682268,7.391286185947096,45050.0,1433.4812210778061,10.715528263036484,7.2678611851872565,4.3694478524670215,2.7508116386430803,17.38266133507568,2.079441541679836,1,4.640587649273203
25,Sinaloa,2024,2834.0,89.5224605346203,4.494489549490778,12,2.4849066497880004,0,8,2.079441541679836,1,1,0.0,1,MORENA,Rubén Rocha Moya,81.0,4.394449154672439,19.0,2.9444389791664403,0.2345679012345679,5.0,35669624.71392475,17.389810036223512,43650551.0,3165686,,,805,25.428927568937663,3.235887406658716,0.754539652856884,Medio,5.0,122.374573184,7.949444420250626,550.0,17.373801444615797,2.854963407466669,2009.0,59856.0,7.605392364814935,10.999696956587927,1890.775016852588,7.54474208582808,54156.0,1710.719256426569,10.899624049615001,7.444669178855154,4.394449154672439,3.235887406658716,17.389810036223512,2.4849066497880004,1,4.494489549490778
26,Sonora,2019,1540.0,51.64883887373336,3.944467714649514,12,2.4849066497880004,1,12,2.4849066497880004,0,0,,0,PRI,Claudia Pavlovich Arellano,79.0,4.3694478524670215,30.0,3.4011973816621555,0.379746835443038,,49189437.082528576,17.711189464968058,47031029.0,2981674,239798.18048519053,12.38755293391203,1062,35.617575898639494,3.5728392210437234,0.7871765121271208,Bajo,11.0,95.612049638,7.339537695407674,1540.0,51.64883887373336,3.944467714649514,691.0,,6.53813982376767,,,,,,,,4.3694478524670215,3.5728392210437234,17.711189464968058,2.4849066497880004,0,3.944467714649514
26,Sonora,2020,1129.0,37.60467856826432,3.627128472662108,12,2.4849066497880004,1,20,2.995732273553991,0,0,,0,PRI,Claudia Pavlovich Arellano,78.0,4.356708826689592,26.0,3.258096538021482,0.3333333333333333,16.0,44102461.51,17.602026155412677,44102461.51,3002286,221497.88527808475,12.308168321144482,1330,44.29957705561696,3.790975129728245,0.78749492238041,Bajo,,100.0,7.029087564149662,2482.0,82.67033853536938,4.4148608742769975,815.0,61479.0,6.703188113240863,11.02645093206807,2047.7396224077247,7.6244918405805135,47789.0,1591.7537503089313,10.774550766473594,7.3725916749860385,4.356708826689592,3.790975129728245,17.602026155412677,2.4849066497880004,0,3.627128472662108
26,Sonora,2021,1165.0,38.523259616678686,3.6512622047588392,20,2.995732273553991,1,29,3.367295829986474,0,0,,0,PRI,Claudia Pavlovich Arellano,78.0,4.356708826689592,29.0,3.367295829986474,0.3717948717948718,17.0,37956964.95612208,17.451963574771966,39667870.0,3024147,245689.1149801911,12.41182225545298,1600,52.90748101861451,3.968544746986911,0.78749492238041,Bajo,,104.507486428,7.060476365999801,3661.0,121.05893000571731,4.796277451879274,356.0,23814.0,5.87493073085203,10.07802892201112,787.4617206108036,6.668814760770159,17319.0,572.6904148508654,9.759559443729044,6.350345282488082,4.356708826689592,3.968544746986911,17.451963574771966,2.995732273553991,0,3.6512622047588392
26,Sonora,2022,1411.0,46.2442825548606,3.833937835881352,29,3.367295829986474,1,41,3.713572066704308,0,0,,1,MORENA,Alfonso Durazo Montaño,70.0,4.248495242049359,25.0,3.218875824868201,0.3571428571428571,1.0,34393362.25333612,17.353374145973028,38334847.0,3051188,258915.5437160869,12.464257201465788,1439,47.16195789967711,3.8535875909159056,0.78749492238041,Bajo,,111.460015795,7.252053951852814,1411.0,46.2442825548606,3.833937835881352,762.0,37245.0,6.635946555686647,10.525272986610377,1220.672079203248,7.1071568706389145,18176.0,595.7023952637464,9.807857321520878,6.389741205549416,4.248495242049359,3.8535875909159056,17.353374145973028,3.367295829986474,1,3.833937835881352
26,Sonora,2023,1892.0,61.39400739973016,4.117312231037041,41,3.713572066704308,1,54,3.9889840465642745,0,0,,1,MORENA,Alfonso Durazo Montaño,78.0,4.356708826689592,28.0,3.332204510175204,0.358974358974359,15.0,36708818.29823396,17.418527564767867,42822164.0,3081734,268355.41289416933,12.500067548425092,1134,36.79746532309408,3.605428965712915,0.78749492238041,Bajo,,116.653616175,7.545389749611823,4177.0,135.54057553312518,4.9092710459223925,605.0,33682.0,6.405228458030842,10.424718849016,1092.9561084765917,6.996641330441217,16241.0,527.0084958662883,9.695294188174604,6.26721666959982,4.356708826689592,3.605428965712915,17.418527564767867,3.713572066704308,1,4.117312231037041
26,Sonora,2024,2763.0,88.79379272578626,4.486316745818243,54,3.9889840465642745,1,63,4.143134726391533,0,0,,1,MORENA,Alfonso Durazo Montaño,72.0,4.276666119016055,26.0,3.258096538021482,0.3611111111111111,15.0,41004089.89745972,17.5291823732901,50178580.0,3111704,,,1129,36.28237133094922,3.5913319850444885,0.78749492238041,Bajo,10.0,122.374573184,7.924072324923417,2763.0,88.79379272578626,4.486316745818243,359.0,13606.0,5.883322388488279,9.518266150905006,437.2523864737777,6.080510571799833,6980.0,224.31439494244955,8.850804195756417,5.413048616651245,4.276666119016055,3.5913319850444885,17.5291823732901,3.9889840465642745,1,4.486316745818243
27,Tabasco,2019,1291.0,52.862692942687175,3.967697852689079,3,1.0986122886681098,1,3,1.0986122886681098,3,1,1.0986122886681098,1,MORENA,Adán Augusto López Hernández,66.0,4.189654742026425,18.0,2.8903717578961645,0.2727272727272727,,43927517.67064676,17.59805150788254,42000000.0,2442176,248139.3642391048,12.421745819887931,565,23.13510574176472,3.141351192988877,0.6745921839328628,Alto,2.0,95.612049638,7.1631723908466425,1291.0,52.862692942687175,3.967697852689079,1106.0,,7.00850518208228,,,,,,,,4.189654742026425,3.141351192988877,17.59805150788254,1.0986122886681098,1,3.967697852689079
27,Tabasco,2020,372.0,15.243096659672052,2.7241267225094874,3,1.0986122886681098,1,3,1.0986122886681098,3,1,1.0986122886681098,1,MORENA,Adán Augusto López Hernández,44.0,3.784189633918261,13.0,2.5649493574615367,0.2954545454545454,4.0,19500000.0,16.785925023533974,19500000.0,2440449,231924.5351982361,12.354167318415708,509,20.85681774132547,3.037680884786864,0.674434954296706,Alto,,100.0,5.918893854273146,410.0,16.80018717867081,2.821390027934694,1337.0,76722.0,7.198183577101943,11.247943778039224,3143.765757858492,8.053176646275563,,,,,3.784189633918261,3.037680884786864,16.785925023533974,1.0986122886681098,1,2.7241267225094874
27,Tabasco,2021,694.0,28.422203228582088,3.347170643541055,3,1.0986122886681098,1,2,0.6931471805599453,3,1,1.0986122886681098,1,MORENA,Adán Augusto López Hernández,45.0,3.80666248977032,15.0,2.70805020110221,0.3333333333333333,4.0,20285628.068000328,16.82542321633219,21200000.0,2441753,249410.9764583068,12.42685732272033,390,15.972131497329991,2.7708454221579424,0.674434954296706,Alto,,104.507486428,6.542471960506805,235.0,9.624233081724482,2.264284197178409,404.0,15689.0,6.001414877961151,9.660715108832957,642.5301822092571,6.465413791867206,14506.0,594.0813833340227,9.582317635923358,6.387016318957608,3.80666248977032,2.7708454221579424,16.82542321633219,1.0986122886681098,1,3.347170643541055
27,Tabasco,2022,709.0,28.97196910909765,3.3663287800995154,2,0.6931471805599453,1,3,1.0986122886681098,3,1,1.0986122886681098,1,MORENA,Carlos Manuel Merino Campos,61.0,4.110873864173311,14.0,2.6390573296152584,0.2295081967213114,5.0,19020273.63695297,16.76101600177892,21200000.0,2447193,260706.8588378604,12.47115190888836,291,11.891174909375762,2.4757965207388803,0.674434954296706,Alto,,111.460015795,6.563855526532128,709.0,28.97196910909765,3.3663287800995154,212.0,14555.0,5.356586274672012,9.585689856179725,594.7630611888806,6.388163109747111,9003.0,367.8908855983161,9.105313134108476,5.9077863876758645,4.110873864173311,2.4757965207388803,16.76101600177892,0.6931471805599453,1,3.3663287800995154
27,Tabasco,2023,769.0,31.326546865369583,3.444465880739924,3,1.0986122886681098,0,9,2.19722457733622,3,1,1.0986122886681098,1,MORENA,Carlos Manuel Merino Campos,62.0,4.127134385045092,15.0,2.70805020110221,0.2419354838709677,5.0,19716491.227752548,16.796965961680257,23000000.0,2454787,267232.9615563387,12.495876072154552,234,9.532395275027936,2.254696026591981,0.674434954296706,Alto,,116.653616175,6.645090969505644,299.0,12.180282851424584,2.4998184846249663,197.0,13977.0,5.2832037287379885,9.545168400484906,569.3773023891686,6.344543311719186,4995.0,203.4799760630963,8.516192691082654,5.315567602316934,4.127134385045092,2.254696026591981,16.796965961680257,1.0986122886681098,1,3.444465880739924
27,Tabasco,2024,748.0,30.387295835356102,3.4140246209148124,9,2.19722457733622,2,10,2.302585092994046,3,1,1.0986122886681098,1,MORENA,Carlos Manuel Merino Campos,62.0,4.127134385045092,15.0,2.70805020110221,0.2419354838709677,5.0,19219663.35656658,16.77144444608594,23519981.0,2461555,,,707,28.721682026198888,3.357652308836908,0.674434954296706,Alto,2.0,122.374573184,6.617402977974478,748.0,30.387295835356102,3.4140246209148124,427.0,37708.0,6.056784013228625,10.53762755251604,1531.8772077000108,7.334249195456376,30826.0,1252.2978361239134,10.336113768706666,7.132735411647,4.127134385045092,3.357652308836908,16.77144444608594,2.19722457733622,1,3.4140246209148124
28,Tamaulipas,2019,6589.0,184.3081047454092,5.216608839538544,13,2.5649493574615367,0,13,2.5649493574615367,0,0,,0,PAN,Francisco García Cabeza de Vaca,86.0,4.454347296253507,47.0,3.8501476017100575,0.5465116279069767,,50202877.337882005,17.731582900507064,48000000.0,3574992,198881.5639307724,12.200464770404148,663,18.54549604586528,2.920226958810588,0.7731842919909759,Bajo,8.0,95.612049638,8.793156870913819,534.0,14.93709636273312,2.7038478075849195,743.0,,6.610696044717759,,,,,,,,4.454347296253507,2.920226958810588,17.731582900507064,2.5649493574615367,0,5.216608839538544
28,Tamaulipas,2020,683.0,18.993479090904795,2.9440957145160183,13,2.5649493574615367,0,13,2.5649493574615367,0,0,,0,PAN,Francisco García Cabeza de Vaca,86.0,4.454347296253507,41.0,3.713572066704308,0.4767441860465116,8.0,50488391.66,17.73725399970305,50488391.66,3595971,182426.3877545175,12.1141020158655,572,15.90669112737561,2.766739846325026,0.772446037801987,Bajo,,100.0,6.52649485957079,2657.0,73.88824882069406,4.3025538007050415,1470.0,49501.0,7.293017679772782,10.809748150372926,1376.568387231154,7.227349005318153,43744.0,1216.4725466362213,10.686109739523676,7.103710594468904,4.454347296253507,2.766739846325026,17.73725399970305,2.5649493574615367,0,2.9440957145160183
28,Tamaulipas,2021,593.0,16.37246841052322,2.795601168685289,13,2.5649493574615367,0,14,2.6390573296152584,0,0,,0,PAN,Francisco García Cabeza de Vaca,92.0,4.5217885770490405,40.0,3.688879454113936,0.4347826086956521,8.0,32892408.166071944,17.30875243427697,34375029.0,3621934,198236.6326940248,12.19721671071197,525,14.4950184072929,2.673805032279187,0.772446037801987,Bajo,,104.507486428,6.385194398997726,2632.0,72.66835894856173,4.285906062132771,389.0,26309.0,5.963579343618446,10.177666364950165,726.3798843380359,6.588073134637726,17834.0,492.3888729060221,9.788862026694824,6.1992687963823885,4.5217885770490405,2.673805032279187,17.30875243427697,2.5649493574615367,0,2.795601168685289
28,Tamaulipas,2022,828.0,22.668343247995782,3.120969380595929,14,2.6390573296152584,0,17,2.833213344056216,0,0,,0,PAN,Francisco García Cabeza de Vaca,90.0,4.499809670330265,42.0,3.737669618283368,0.4666666666666667,8.0,31257420.655742336,17.257767366941042,34839526.0,3652671,205055.4238254691,12.231035581704072,382,10.458100387360371,2.347376834817245,0.772446037801987,Bajo,,111.460015795,6.71901315438526,828.0,22.668343247995782,3.120969380595929,187.0,38536.0,5.231108616854587,10.559348148310058,1055.0087867207312,6.961304374520727,13766.0,376.87489511100233,9.52995706295831,5.931913289168979,4.499809670330265,2.347376834817245,17.257767366941042,2.6390573296152584,0,3.120969380595929
28,Tamaulipas,2023,927.0,25.15202458874948,3.2249383938524523,17,2.833213344056216,0,17,2.833213344056216,0,0,,1,MORENA,Américo Villarreal Anaya,93.0,4.532599493153256,40.0,3.688879454113936,0.4301075268817204,8.0,30609953.78525821,17.236835801128173,35707618.0,3685588,202952.6903169861,12.220728178237255,365,9.903440102366298,2.2928821818690883,0.772446037801987,Bajo,,116.653616175,6.831953565565855,4239.0,115.01556875049518,4.745067499639234,677.0,71281.0,6.517671272912275,11.17438509122698,1934.0468874980056,7.567369919513576,51650.0,1401.4046062663542,10.852245474547784,7.245230302834381,4.532599493153256,2.2928821818690883,17.236835801128173,2.833213344056216,1,3.2249383938524523
28,Tamaulipas,2024,755.0,20.30870304587508,3.011049515644628,17,2.833213344056216,0,14,2.6390573296152584,0,0,,1,MORENA,Américo Villarreal Anaya,97.0,4.574710978503383,34.0,3.5263605246161616,0.3505154639175257,8.0,31163120.74295029,17.254745926164706,38135736.0,3717618,,,331,8.903550606867086,2.1864501417726663,0.772446037801987,Bajo,8.0,122.374573184,6.626717749249025,755.0,20.30870304587508,3.011049515644628,1838.0,846413.0,7.516433302915632,13.648762699136464,22767.616253202992,10.033094465532066,80410.0,2162.9441217467743,11.294893825542195,7.679225591937798,4.574710978503383,2.1864501417726663,17.254745926164706,2.833213344056216,1,3.011049515644628
29,Tlaxcala,2019,1307.0,96.23044651810709,4.566745799470888,4,1.3862943611198906,0,4,1.3862943611198906,1,1,0.0,0,PRI,Marco Antonio Mena Rodríguez,91.0,4.51085950651685,25.0,3.218875824868201,0.2747252747252747,,22870192.7035244,16.94534499200301,21866660.0,1358198,96451.327420597,11.476793781024,147,10.823164222005923,2.3816886726254025,0.728576427067056,Medio,10.0,95.612049638,7.175489713624222,300.0,22.08809024899168,3.0950385605028674,579.0,,6.361302477572996,,,,,,,,4.51085950651685,2.3816886726254025,16.94534499200301,1.3862943611198906,0,4.566745799470888
29,Tlaxcala,2020,520.0,37.957589693054494,3.636469475757767,4,1.3862943611198906,0,4,1.3862943611198906,1,1,0.0,0,PRI,Marco Antonio Mena Rodríguez,90.0,4.499809670330265,26.0,3.258096538021482,0.2888888888888888,9.0,22487162.71,16.928455158128994,22487162.71,1369950,89054.34504908939,11.397002080891731,108,7.883499397788241,2.0647718913065134,0.731027115153694,Medio,,100.0,6.253828811575473,1881.0,137.30428117814515,4.922199493483324,461.0,27303.0,6.133398042996649,10.214751865245466,1992.992444979744,7.597392529427759,19597.0,1430.490163874594,9.883131772279054,7.265772436461348,4.499809670330265,2.0647718913065134,16.928455158128994,1.3862943611198906,0,3.636469475757767
29,Tlaxcala,2021,683.0,49.469990258105874,3.9013662283143073,4,1.3862943611198906,0,5,1.6094379124341005,1,1,0.0,0,PRI,Marco Antonio Mena Rodríguez,77.0,4.343805421853684,24.0,3.1780538303479458,0.3116883116883117,8.0,22379342.188191585,16.923648867573878,23388088.0,1380635,97781.09348234689,11.490486519158129,116,8.401930995520177,2.1284615598498817,0.731027115153694,Medio,,104.507486428,6.52649485957079,1156.0,83.72958819673556,4.42759241797584,604.0,18020.0,6.403574197934815,9.799237531162328,1305.1965218902897,7.174108899905846,13607.0,985.5609918624402,9.518339645190858,6.893211013934375,4.343805421853684,2.1284615598498817,16.923648867573878,1.3862943611198906,0,3.9013662283143073
29,Tlaxcala,2022,802.0,57.490215194047394,4.051614762784349,5,1.6094379124341005,0,9,2.19722457733622,1,1,0.0,1,MORENA,Lorena Cuéllar Cisneros,78.0,4.356708826689592,30.0,3.4011973816621555,0.3846153846153846,9.0,23274121.05136603,16.96285261677808,25941339.0,1395020,105374.83333572278,11.565279113672757,130,9.318862812002696,2.2320406053734176,0.731027115153694,Medio,,111.460015795,6.687108607866515,423.0,30.322145919054925,3.411878333964113,244.0,10011.0,5.497168225293202,9.211439767419485,717.6241200842999,6.575945922337319,5833.0,418.1302060185517,8.671286726753637,6.0357928816714725,4.356708826689592,2.2320406053734176,16.96285261677808,1.6094379124341005,1,4.051614762784349
29,Tlaxcala,2023,766.0,54.214927506998045,3.992956285784047,9,2.19722457733622,0,11,2.3978952727983707,1,1,0.0,1,MORENA,Lorena Cuéllar Cisneros,81.0,4.394449154672439,34.0,3.5263605246161616,0.419753086419753,12.0,22464695.78850156,16.927455558818995,26205880.0,1412895,105457.23496792048,11.566060793965098,106,7.502326782952732,2.015213210155523,0.731027115153694,Medio,,116.653616175,6.641182169740591,9291.0,657.5860201925833,6.488575584684768,396.0,20347.0,5.981414211254481,9.920688759855905,1440.092858988106,7.272462875899358,16177.0,1144.954154413456,9.691345759329694,7.04311987537315,4.394449154672439,2.015213210155523,16.927455558818995,2.19722457733622,1,3.992956285784047
29,Tlaxcala,2024,346.0,24.187397806496623,3.185831745726672,11,2.3978952727983707,1,12,2.4849066497880004,1,1,0.0,1,MORENA,Lorena Cuéllar Cisneros,81.0,4.394449154672439,31.0,3.4339872044851463,0.382716049382716,12.0,22195703.1540857,16.915409276491214,27161897.0,1430497,,,128,8.947939072923607,2.191423234588565,0.731027115153694,Medio,10.0,122.374573184,5.846438775057725,311.0,21.74069571624408,3.079185882848181,514.0,20578.0,6.2422232654551655,9.931977822935757,1438.521017520484,7.271370793604703,14328.0,1001.6099299753861,9.569970943740548,6.909363914409496,4.394449154672439,2.191423234588565,16.915409276491214,2.3978952727983707,1,3.185831745726672
30,Veracruz,2019,10736.0,131.11739721219206,4.876093083812927,49,3.8918202981106265,0,49,3.8918202981106265,4,1,1.3862943611198906,1,MORENA,Cuitláhuac García Jiménez,175.0,5.1647859739235145,93.0,4.532599493153256,0.5314285714285715,,81082437.0918921,18.210976936963785,77524580.0,8188082,118953.37638289409,11.68648690022018,1432,17.488833160195515,2.8615625721220552,0.5951331307646484,Alto,9.0,95.612049638,9.281357859211465,1339.0,16.35303603456829,2.7944135702926367,417.0,,6.0330862217988015,,,,,,,,5.1647859739235145,2.8615625721220552,18.210976936963785,3.8918202981106265,1,4.876093083812927
30,Veracruz,2020,7423.0,90.86472295562636,4.509371839561718,49,3.8918202981106265,0,43,3.7612001156935615,4,1,1.3862943611198906,1,MORENA,Cuitláhuac García Jiménez,177.0,5.176149732573829,95.0,4.553876891600541,0.536723163841808,17.0,64797200.0,17.986772950512385,64797200.0,8169287,110535.96231837611,11.613096197837338,1294,15.839815641193656,2.7625267475050164,0.603862605270447,Alto,,100.0,8.912338567117548,3899.0,47.72754341963993,3.865508661426768,521.0,9751.0,6.255750041753367,9.18512512283512,119.36170194534726,4.78215839527929,1048.0,12.828536933516963,6.954638864880987,2.551672137325158,5.176149732573829,2.7625267475050164,17.986772950512385,3.8918202981106265,1,4.509371839561718
30,Veracruz,2021,9510.0,116.74177749974712,4.759964465801129,43,3.7612001156935615,0,40,3.688879454113936,4,1,1.3862943611198906,1,MORENA,Cuitláhuac García Jiménez,179.0,5.187385805840755,97.0,4.574710978503383,0.5418994413407822,17.0,62014047.90713258,17.942871496491488,64809322.7,8146184,118583.13045715638,11.683369516450394,1107,13.589184825680343,2.60927424297033,0.603862605270447,Alto,,104.507486428,9.160099155539436,5714.0,70.1432719909101,4.250539893052411,304.0,4855.0,5.717027701406222,8.487764380725425,59.5984573881464,4.087629690987119,158.0,1.9395584484710877,5.062595033026967,0.66246034328866,5.187385805840755,2.60927424297033,17.942871496491488,3.7612001156935615,1,4.759964465801129
30,Veracruz,2022,9175.0,112.80876866554787,4.725694072439342,40,3.688879454113936,0,44,3.784189633918261,4,1,1.3862943611198906,1,MORENA,Cuitláhuac García Jiménez,155.0,5.043425116919247,84.0,4.430816798843313,0.5419354838709678,17.0,61405310.69534468,17.933006882786554,68442369.0,8133233,128116.33454986474,11.760693993806068,855,10.512424763928442,2.352557868453332,0.603862605270447,Alto,,111.460015795,9.12423767292277,1398.0,17.188736631546153,2.844254322310327,418.0,6743.0,6.035481432524756,8.816260208734581,82.90676044815143,4.417716608251154,791.0,9.72552981083906,6.673297967767654,2.2747543672842254,5.043425116919247,2.352557868453332,17.933006882786554,3.688879454113936,1,4.725694072439342
30,Veracruz,2023,8561.0,105.2808407316459,4.65663145321805,44,3.784189633918261,0,48,3.871201010907891,4,1,1.3862943611198906,1,MORENA,Cuitláhuac García Jiménez,164.0,5.099866427824199,91.0,4.51085950651685,0.5548780487804879,17.0,61265096.91117169,17.930720857200257,71467951.0,8131584,131339.7242160937,11.785542559971889,828,10.182517944843218,2.320672322860824,0.603862605270447,Alto,,116.653616175,9.054972284742483,4294.0,52.80643968014104,3.966633146914291,441.0,9164.0,6.089044875446846,9.123038043573386,112.69637010452084,4.724697212048951,827.0,10.170220217856693,6.717804695023691,2.3194638634992555,5.099866427824199,2.320672322860824,17.930720857200257,3.784189633918261,1,4.65663145321805
30,Veracruz,2024,8377.0,103.06694602316244,4.635378738486139,48,3.871201010907891,0,55,4.007333185232471,4,1,1.3862943611198906,1,MORENA,Cuitláhuac García Jiménez,163.0,5.093750200806762,89.0,4.48863636973214,0.5460122699386503,17.0,62668270.87085352,17.953365830801445,76690029.0,8127727,,,770,9.4737433971392,2.248524119180059,0.603862605270447,Alto,9.0,122.374573184,9.033245134153807,991.0,12.192830787746685,2.5008481386623176,445.0,9494.0,6.09807428216624,9.158415299111264,116.810025730441,4.760548903443593,1075.0,13.226330067434597,6.980075940561763,2.5822095448940927,5.093750200806762,2.248524119180059,17.953365830801445,3.871201010907891,1,4.635378738486139
31,Yucatan,2019,446.0,19.16757705494906,2.9532201565262577,28,3.332204510175204,1,28,3.332204510175204,2,1,0.6931471805599453,0,PAN,Mauricio Vila Dosal,123.0,4.812184355372417,33.0,3.49650756146648,0.2682926829268293,,38484722.52118294,17.46577190287345,36796032.0,2326846,137525.2165377511,11.831562572276148,33,1.4182287955455584,0.3494087659726738,0.6292648291616498,Alto,3.0,95.612049638,6.100318952020064,446.0,19.16757705494906,2.9532201565262577,951.0,,6.85751406254539,,,,,,,,4.812184355372417,0.3494087659726738,17.46577190287345,3.332204510175204,0,2.9532201565262577
31,Yucatan,2020,320.0,13.541402626947477,2.6057518534739725,28,3.332204510175204,1,22,3.091042453358316,2,1,0.6931471805599453,0,PAN,Mauricio Vila Dosal,122.0,4.804021044733257,31.0,3.4339872044851463,0.2540983606557377,7.0,36796032.0,17.42090057123855,36796032.0,2363123,115948.25999323776,11.660899336044452,52,2.200477926878965,0.7886745762616275,0.644259102603984,Alto,,100.0,5.768320995793772,1286.0,54.41951180704517,3.9967227624777646,1056.0,34338.0,6.962243464266207,10.444007891637158,1453.0771356378823,7.281438749317357,27052.0,1144.7563245755723,10.20551621869483,7.042947076375031,4.804021044733257,0.7886745762616275,17.42090057123855,3.332204510175204,0,2.6057518534739725
31,Yucatan,2021,338.0,14.13751536095419,2.6488319279812904,22,3.091042453358316,1,20,2.995732273553991,2,1,0.6931471805599453,0,PAN,Mauricio Vila Dosal,120.0,4.787491742782046,29.0,3.367295829986474,0.2416666666666666,6.0,34820956.18582415,17.365729952749337,36390506.06,2390802,135937.6477014826,11.819951586804192,42,1.7567326779883905,0.5634556507816401,0.644259102603984,Alto,,104.507486428,5.823045895483019,1228.0,51.36351734689866,3.93892814120536,154.0,28910.0,5.0369526024136295,10.271942835010393,1209.217660015342,7.097728867508663,24621.0,1029.8217920179086,10.111355016297821,6.937141048796093,4.787491742782046,0.5634556507816401,17.365729952749337,3.091042453358316,0,2.6488319279812904
31,Yucatan,2022,305.0,12.601217732103068,2.533793454692572,20,2.995732273553991,1,21,3.044522437723423,2,1,0.6931471805599453,0,PAN,Mauricio Vila Dosal,117.0,4.762173934797756,22.0,3.091042453358316,0.188034188034188,9.0,33012812.47588935,17.3124063009237,36796086.0,2420401,152454.0768244601,11.93461869410187,39,1.6113032509902283,0.4770433242148063,0.644259102603984,Alto,,111.460015795,5.720311776607412,305.0,12.601217732103068,2.533793454692572,243.0,19435.0,5.493061443340548,9.874830843286324,802.9661200767972,6.688312521371484,12497.0,516.319403272433,9.433243894485784,6.246725572570943,4.762173934797756,0.4770433242148063,17.3124063009237,2.995732273553991,0,2.533793454692572
31,Yucatan,2023,293.0,11.947587199037017,2.480529349960974,21,3.044522437723423,1,24,3.1780538303479458,2,1,0.6931471805599453,0,PAN,Mauricio Vila Dosal,116.0,4.7535901911063645,25.0,3.218875824868201,0.2155172413793103,9.0,31543121.59924776,17.26686610731088,36796192.0,2452378,158621.5501851672,11.974276456538536,34,1.3864094360657289,0.3267172655600681,0.644259102603984,Alto,,116.653616175,5.680172609017068,1079.0,43.9981112210271,3.7841467062020415,622.0,38897.0,6.432940092739179,10.568672405809952,1586.0931716073133,7.369029146753858,30726.0,1252.906362722223,10.332864480690604,7.133221221634512,4.7535901911063645,0.3267172655600681,17.26686610731088,3.044522437723423,0,2.480529349960974
31,Yucatan,2024,234.0,9.422565837158734,2.243107433363051,24,3.1780538303479458,2,26,3.258096538021482,2,1,0.6931471805599453,0,PAN,Mauricio Vila Dosal,111.0,4.709530201312334,28.0,3.332204510175204,0.2522522522522522,9.0,30811613.081834108,17.243402224990522,37705580.0,2483400,,,44,1.7717645163888218,0.5719759519236108,0.644259102603984,Alto,5.0,122.374573184,5.455321115357702,234.0,9.422565837158734,2.243107433363051,815.0,43428.0,6.703188113240863,10.678859673351743,1748.731577675767,7.466645991357092,33965.0,1367.681404526053,10.433085861625402,7.220872179630752,4.709530201312334,0.5719759519236108,17.243402224990522,3.1780538303479458,0,2.243107433363051
32,Zacatecas,2019,658.0,40.12263624013093,3.6919406698116446,0,,0,0,,0,0,,0,PRI,Alejandro Tello Cristerna,91.0,4.51085950651685,33.0,3.49650756146648,0.3626373626373626,,45549996.22421126,17.63432109877696,43551285.0,1639972,129880.26624844814,11.774368276171934,510,31.09809191864252,3.4371464642046985,0.7112563722481506,Medio,9.0,95.612049638,6.489204931325317,534.0,32.56153153834334,3.483131577446522,485.0,,6.184148890937483,,,,,,,,4.51085950651685,3.4371464642046985,17.63432109877696,,0,3.6919406698116446
32,Zacatecas,2020,547.0,33.21113416933914,3.502885186246012,0,,0,0,,0,0,,0,PRI,Alejandro Tello Cristerna,90.0,4.499809670330265,31.0,3.4339872044851463,0.3444444444444444,14.0,40262122.0,17.510921684188823,40262122.0,1647038,120822.95611880237,11.702081580524704,789,47.90417707423872,3.869202704669905,0.717286233376222,Medio,,100.0,6.304448802421981,1891.0,114.81216583952526,4.743297452482489,724.0,38659.0,6.584791392385716,10.562534885899066,2347.1832465310454,7.760971269723097,30932.0,1878.0380294808015,10.339546525728926,7.537982909552957,4.499809670330265,3.869202704669905,17.510921684188823,,0,3.502885186246012
32,Zacatecas,2021,645.0,38.96332192221471,3.662620740083395,0,,0,0,,0,0,,0,PRI,Alejandro Tello Cristerna,91.0,4.51085950651685,30.0,3.4011973816621555,0.3296703296703296,15.0,40472804.815892704,17.51614082050171,42297111.0,1655403,126857.32718860604,11.750818325981276,1134,68.50295668184725,4.22687690757532,0.717286233376222,Medio,,104.507486428,6.4692503167957724,1949.0,117.73568128123485,4.768442122795183,372.0,23101.0,5.918893854273146,10.047631185616188,1395.4910073257086,7.241001608903811,18171.0,1097.6783296876954,9.807582195649056,7.0009526189366795,4.51085950651685,4.22687690757532,17.51614082050171,,0,3.662620740083395
32,Zacatecas,2022,732.0,43.89628722564071,3.78182974305677,0,,0,0,,0,0,,1,MORENA,David Monreal Ávila,47.0,3.8501476017100575,15.0,2.70805020110221,0.3191489361702128,15.0,32157349.65076855,17.286151587522337,35842587.0,1667567,134927.11237389562,11.81249000327606,981,58.82822099501849,4.074621688660821,0.717286233376222,Medio,,111.460015795,6.595780513961311,503.0,30.16370556625311,3.406639399195198,843.0,23788.0,6.736966958001855,10.076936530826485,1426.509399622324,7.262985759921943,8593.0,515.3016340572823,9.058703197313223,6.244752426408682,3.8501476017100575,4.074621688660821,17.286151587522337,,1,3.78182974305677
32,Zacatecas,2023,780.0,46.34545306542493,3.836123187208913,0,,0,0,,0,0,,1,MORENA,David Monreal Ávila,70.0,4.248495242049359,18.0,2.8903717578961645,0.2571428571428571,12.0,38365569.33893953,17.462670983544772,44754824.0,1683013,136065.496820286,11.8208916430557,709,42.12682849152086,3.7406847940574033,0.717286233376222,Medio,,116.653616175,6.659293919683638,2542.0,151.03864319526943,5.017535719274675,321.0,22692.0,5.771441123130016,10.029767718446458,1348.2961807187469,7.206596985971734,17225.0,1023.4620885281338,9.75411709588186,6.930946363407135,4.248495242049359,3.7406847940574033,17.462670983544772,,1,3.836123187208913
32,Zacatecas,2024,833.0,49.05043538885866,3.8928490624013072,0,,0,0,,0,0,,1,MORENA,David Monreal Ávila,70.0,4.248495242049359,18.0,2.8903717578961645,0.2571428571428571,12.0,40797573.14040431,17.524133155752438,49925856.0,1698252,,,369,21.728224079818546,3.078612064274992,0.717286233376222,Medio,6.0,122.374573184,6.725033642166843,751.0,44.221941148898985,3.7892210719986,443.0,29934.0,6.093569770045136,10.306750237089092,1762.63593388967,7.474565657323557,20941.0,1233.0914375487266,9.949464238776152,7.117279659010617,4.248495242049359,3.078612064274992,17.524133155752438,,1,3.8928490624013072
